z,x,y,code,bvmap_n,bvmap_area_m2,bv_3101,bv_3102,bv_3103,bv_3111,bv_3112,ov_n,ov_area_m2,ov_osm,ov_eab,ov_other
14,14533,6110,01331,0,0,0,0,0,0,0,0,0,0,0,0
14,14533,6111,01331,0,0,0,0,0,0,0,0,0,0,0,0
14,14533,6112,01331,1,109,1,0,0,0,0,2,108,2,0,0
14,14534,6111,01331,0,0,0,0,0,0,0,0,0,0,0,0
14,14534,6112,01331,0,0,0,0,0,0,0,0,0,0,0,0
14,14535,6111,01331,4,607,4,0,0,0,0,4,525,4,0,0
14,14535,6112,01331,0,0,0,0,0,0,0,0,0,0,0,0
14,14536,6070,01367,0,0,0,0,0,0,0,0,0,0,0,0
14,14536,6071,01367,45,12734,45,0,0,0,0,65,12790,65,0,0
14,14536,6072,01367,2,1322,2,0,0,0,0,2,1556,2,0,0
14,14536,6073,01367,0,0,0,0,0,0,0,0,0,0,0,0
14,14536,6075,01367,0,0,0,0,0,0,0,0,0,0,0,0
14,14536,6076,01367,0,0,0,0,0,0,0,0,0,0,0,0
14,14536,6077,01367,0,0,0,0,0,0,0,0,0,0,0,0
14,14537,6068,01367,0,0,0,0,0,0,0,0,0,0,0,0
14,14537,6069,01367,0,0,0,0,0,0,0,0,0,0,0,0
14,14537,6070,01367,0,0,0,0,0,0,0,1,6,1,0,0
14,14537,6071,01367,0,0,0,0,0,0,0,0,0,0,0,0
14,14537,6072,01367,12,2957,12,0,0,0,0,11,3507,11,0,0
14,14537,6073,01367,0,0,0,0,0,0,0,0,0,0,0,0
14,14537,6074,01367,1,95,1,0,0,0,0,1,149,1,0,0
14,14537,6075,01367,6,816,6,0,0,0,0,3,211,3,0,0
14,14537,6076,01367,27,3369,27,0,0,0,0,29,3597,29,0,0
14,14537,6077,01367,18,4365,18,0,0,0,0,26,5290,26,0,0
14,14537,6078,01367,0,0,0,0,0,0,0,0,0,0,0,0
14,14538,6068,01367,0,0,0,0,0,0,0,0,0,0,0,0
14,14538,6069,01367,0,0,0,0,0,0,0,0,0,0,0,0
14,14538,6070,01367,0,0,0,0,0,0,0,0,0,0,0,0
14,14538,6071,01367,2,156,2,0,0,0,0,0,0,0,0,0
14,14538,6072,01367,25,7078,25,0,0,0,0,31,8524,31,0,0
14,14538,6073,01367,0,0,0,0,0,0,0,0,0,0,0,0
14,14538,6074,01367,0,0,0,0,0,0,0,0,0,0,0,0
14,14538,6075,01367,1,133,1,0,0,0,0,2,99,2,0,0
14,14538,6076,01367,23,3193,23,0,0,0,0,34,5472,34,0,0
14,14538,6077,01367,202,45469,198,0,0,4,0,209,42851,209,0,0
14,14538,6078,01367,342,69333,340,0,0,2,0,341,67282,341,0,0
14,14538,6079,01367,0,0,0,0,0,0,0,0,0,0,0,0
14,14538,6080,01367,0,0,0,0,0,0,0,0,0,0,0,0
14,14538,6081,01367,1,130,1,0,0,0,0,0,0,0,0,0
14,14539,6068,01367,0,0,0,0,0,0,0,0,0,0,0,0
14,14539,6069,01367,0,0,0,0,0,0,0,0,0,0,0,0
14,14539,6070,01367,0,0,0,0,0,0,0,0,0,0,0,0
14,14539,6071,01367,0,0,0,0,0,0,0,3,504,3,0,0
14,14539,6072,01367,0,0,0,0,0,0,0,0,0,0,0,0
14,14539,6073,01367,0,0,0,0,0,0,0,0,0,0,0,0
14,14539,6074,01367,0,0,0,0,0,0,0,0,0,0,0,0
14,14539,6075,01367,0,0,0,0,0,0,0,0,0,0,0,0
14,14539,6076,01367,7,785,7,0,0,0,0,4,466,4,0,0
14,14539,6077,01367,39,7873,38,1,0,0,0,51,9656,51,0,0
14,14539,6080,01367,0,0,0,0,0,0,0,0,0,0,0,0
14,14540,6068,01367,0,0,0,0,0,0,0,0,0,0,0,0
14,14540,6069,01367,0,0,0,0,0,0,0,0,0,0,0,0
14,14540,6070,01367,7,1290,6,0,0,1,0,6,1272,6,0,0
14,14540,6071,01367,18,4641,18,0,0,0,0,18,4223,18,0,0
14,14540,6072,01367,0,0,0,0,0,0,0,0,0,0,0,0
14,14540,6073,01367,0,0,0,0,0,0,0,0,0,0,0,0
14,14540,6074,01367,0,0,0,0,0,0,0,0,0,0,0,0
14,14540,6075,01367,0,0,0,0,0,0,0,0,0,0,0,0
14,14540,6076,01367,0,0,0,0,0,0,0,0,0,0,0,0
14,14540,6077,01367,48,6080,48,0,0,0,0,57,7094,57,0,0
14,14541,6067,01367,0,0,0,0,0,0,0,0,0,0,0,0
14,14541,6068,01367,3,400,3,0,0,0,0,4,634,4,0,0
14,14541,6069,01367,0,0,0,0,0,0,0,0,0,0,0,0
14,14541,6070,01367,71,11422,70,0,0,1,0,87,11746,87,0,0
14,14541,6071,01367,297,54014,295,1,0,1,0,336,61906,336,0,0
14,14541,6072,01367,102,19812,102,0,0,0,0,123,21055,123,0,0
14,14541,6073,01367,76,11375,76,0,0,0,0,73,11289,73,0,0
14,14541,6074,01367,14,2022,14,0,0,0,0,17,2225,17,0,0
14,14541,6075,01367,0,0,0,0,0,0,0,0,0,0,0,0
14,14541,6076,01367,0,0,0,0,0,0,0,0,0,0,0,0
14,14542,6067,01367,25,3785,25,0,0,0,0,36,5096,36,0,0
14,14542,6068,01367,5,615,5,0,0,0,0,5,647,5,0,0
14,14542,6069,01367,101,17557,101,0,0,0,0,136,17501,136,0,0
14,14542,6070,01367,3,361,3,0,0,0,0,5,653,5,0,0
14,14543,6066,01367,11,1800,11,0,0,0,0,22,2339,22,0,0
14,14543,6067,01367,53,9001,53,0,0,0,0,74,10265,74,0,0
14,14543,6068,01367,20,2476,20,0,0,0,0,30,2556,30,0,0
14,14543,6069,01367,8,924,8,0,0,0,0,9,741,9,0,0
14,14552,6062,01371,0,0,0,0,0,0,0,0,0,0,0,0
14,14552,6063,01371,0,0,0,0,0,0,0,0,0,0,0,0
14,14553,6060,01371,4,570,4,0,0,0,0,1,16,1,0,0
14,14553,6061,01371,0,0,0,0,0,0,0,0,0,0,0,0
14,14553,6062,01371,0,0,0,0,0,0,0,0,0,0,0,0
14,14553,6063,01371,0,0,0,0,0,0,0,0,0,0,0,0
14,14553,6064,01371,28,3559,28,0,0,0,0,88,4824,80,0,8
14,14553,6065,01371,4,465,4,0,0,0,0,4,230,2,0,2
14,14553,6066,01371,0,0,0,0,0,0,0,1,28,1,0,0
14,14553,6067,01371,0,0,0,0,0,0,0,0,0,0,0,0
14,14553,6120,01331,0,0,0,0,0,0,0,0,0,0,0,0
14,14553,6121,01331,0,0,0,0,0,0,0,0,0,0,0,0
14,14554,6059,01371,27,4720,27,0,0,0,0,11,1952,11,0,0
14,14554,6060,01371,86,12563,86,0,0,0,0,147,11946,147,0,0
14,14554,6061,01371,0,0,0,0,0,0,0,0,0,0,0,0
14,14554,6062,01371,0,0,0,0,0,0,0,0,0,0,0,0
14,14554,6063,01371,0,0,0,0,0,0,0,0,0,0,0,0
14,14554,6064,01371,0,0,0,0,0,0,0,0,0,0,0,0
14,14554,6065,01371,1,119,1,0,0,0,0,0,0,0,0,0
14,14554,6066,01371,0,0,0,0,0,0,0,0,0,0,0,0
14,14554,6067,01371,178,14029,178,0,0,0,0,210,14964,203,0,7
14,14554,6068,01371,0,0,0,0,0,0,0,0,0,0,0,0
14,14554,6120,01331,0,0,0,0,0,0,0,0,0,0,0,0
14,14554,6121,01331,0,0,0,0,0,0,0,0,0,0,0,0
14,14555,6043,01391,0,0,0,0,0,0,0,0,0,0,0,0
14,14555,6044,01371,1,42,1,0,0,0,0,20,1514,1,0,19
14,14555,6045,01371,43,5832,43,0,0,0,0,116,8909,101,0,15
14,14555,6046,01371,0,0,0,0,0,0,0,0,0,0,0,0
14,14555,6057,01371,0,0,0,0,0,0,0,0,0,0,0,0
14,14555,6058,01371,73,10643,73,0,0,0,0,100,9839,100,0,0
14,14555,6059,01371,58,10196,58,0,0,0,0,52,6174,52,0,0
14,14555,6060,01371,0,0,0,0,0,0,0,0,0,0,0,0
14,14555,6061,01371,0,0,0,0,0,0,0,0,0,0,0,0
14,14555,6062,01371,0,0,0,0,0,0,0,0,0,0,0,0
14,14555,6063,01371,0,0,0,0,0,0,0,0,0,0,0,0
14,14555,6064,01371,0,0,0,0,0,0,0,0,0,0,0,0
14,14555,6065,01371,0,0,0,0,0,0,0,0,0,0,0,0
14,14555,6066,01371,0,0,0,0,0,0,0,0,0,0,0,0
14,14555,6067,01371,110,10014,103,1,0,6,0,98,9999,83,0,15
14,14555,6068,01371,898,99269,866,5,0,27,0,839,95830,769,0,70
14,14555,6120,01331,5,504,5,0,0,0,0,6,446,6,0,0
14,14555,6121,01331,0,0,0,0,0,0,0,0,0,0,0,0
14,14556,6042,01391,1,60,1,0,0,0,0,1,60,0,0,1
14,14556,6043,01391,0,0,0,0,0,0,0,2,66,0,0,2
14,14556,6044,01371,1,151,1,0,0,0,0,0,0,0,0,0
14,14556,6045,01371,0,0,0,0,0,0,0,0,0,0,0,0
14,14556,6046,01371,0,0,0,0,0,0,0,0,0,0,0,0
14,14556,6047,01371,18,2515,18,0,0,0,0,50,3975,33,0,17
14,14556,6048,01371,25,3168,25,0,0,0,0,48,3570,41,0,7
14,14556,6049,01371,27,3370,27,0,0,0,0,64,4666,53,0,11
14,14556,6050,01371,22,4286,22,0,0,0,0,65,6260,57,0,8
14,14556,6051,01371,30,4852,30,0,0,0,0,92,5515,84,0,8
14,14556,6052,01371,61,9269,61,0,0,0,0,104,6988,93,0,11
14,14556,6053,01371,187,20139,172,1,0,14,0,156,19897,140,0,16
14,14556,6054,01371,1279,132285,1245,4,0,30,0,1163,128283,1038,0,125
14,14556,6055,01371,80,17360,71,1,0,8,0,117,24308,85,0,32
14,14556,6056,01371,48,8145,46,0,0,2,0,50,7881,50,0,0
14,14556,6057,01371,17,5208,17,0,0,0,0,19,2513,19,0,0
14,14556,6058,01371,72,11498,72,0,0,0,0,65,10796,65,0,0
14,14556,6059,01371,7,966,7,0,0,0,0,9,914,9,0,0
14,14556,6060,01371,3,483,3,0,0,0,0,1,127,1,0,0
14,14556,6061,01371,2,309,2,0,0,0,0,0,0,0,0,0
14,14556,6062,01371,0,0,0,0,0,0,0,0,0,0,0,0
14,14556,6063,01371,0,0,0,0,0,0,0,0,0,0,0,0
14,14556,6064,01371,0,0,0,0,0,0,0,0,0,0,0,0
14,14556,6065,01371,1,189,1,0,0,0,0,2,242,0,0,2
14,14556,6066,01371,0,0,0,0,0,0,0,0,0,0,0,0
14,14556,6067,01371,0,0,0,0,0,0,0,0,0,0,0,0
14,14556,6068,01371,325,26967,316,0,0,9,0,279,25235,250,0,29
14,14557,6040,01391,0,0,0,0,0,0,0,0,0,0,0,0
14,14557,6041,01391,1,114,1,0,0,0,0,2,196,0,0,2
14,14557,6042,01391,0,0,0,0,0,0,0,3,259,0,0,3
14,14557,6043,01391,0,0,0,0,0,0,0,0,0,0,0,0
14,14557,6044,01371,0,0,0,0,0,0,0,0,0,0,0,0
14,14557,6045,01371,0,0,0,0,0,0,0,0,0,0,0,0
14,14557,6046,01371,0,0,0,0,0,0,0,0,0,0,0,0
14,14557,6047,01371,0,0,0,0,0,0,0,0,0,0,0,0
14,14557,6048,01371,0,0,0,0,0,0,0,0,0,0,0,0
14,14557,6049,01371,0,0,0,0,0,0,0,0,0,0,0,0
14,14557,6050,01371,7,1269,7,0,0,0,0,12,2190,11,0,1
14,14557,6051,01371,23,5269,17,0,0,6,0,31,4130,21,0,10
14,14557,6052,01371,59,10035,59,0,0,0,0,113,16961,75,0,38
14,14557,6053,01371,78,10782,78,0,0,0,0,101,14168,76,0,25
14,14557,6054,01371,189,24197,181,0,0,8,0,230,31393,160,0,70
14,14557,6055,01371,111,14946,107,0,0,4,0,133,20151,102,0,31
14,14557,6056,01371,2052,192555,1971,11,0,70,0,1640,198524,1640,0,0
14,14557,6057,01371,48,6433,48,0,0,0,0,64,7702,64,0,0
14,14557,6058,01371,28,3757,28,0,0,0,0,31,4706,31,0,0
14,14557,6059,01371,0,0,0,0,0,0,0,0,0,0,0,0
14,14557,6060,01371,2,259,2,0,0,0,0,0,0,0,0,0
14,14557,6061,01371,6,1458,6,0,0,0,0,0,0,0,0,0
14,14557,6062,01371,8,1020,8,0,0,0,0,0,0,0,0,0
14,14557,6063,01371,0,0,0,0,0,0,0,0,0,0,0,0
14,14557,6064,01371,0,0,0,0,0,0,0,0,0,0,0,0
14,14557,6065,01371,0,0,0,0,0,0,0,0,0,0,0,0
14,14557,6066,01371,0,0,0,0,0,0,0,0,0,0,0,0
14,14557,6067,01371,9,4122,9,0,0,0,0,19,4942,18,0,1
14,14557,6068,01371,301,28956,297,0,0,4,0,290,29356,252,0,38
14,14557,6069,01371,0,0,0,0,0,0,0,0,0,0,0,0
14,14558,6040,01391,35,4763,35,0,0,0,0,90,8360,78,0,12
14,14558,6041,01391,0,0,0,0,0,0,0,0,0,0,0,0
14,14558,6042,01391,0,0,0,0,0,0,0,0,0,0,0,0
14,14558,6043,01391,0,0,0,0,0,0,0,0,0,0,0,0
14,14558,6044,01371,0,0,0,0,0,0,0,0,0,0,0,0
14,14558,6045,01371,0,0,0,0,0,0,0,0,0,0,0,0
14,14558,6046,01371,0,0,0,0,0,0,0,0,0,0,0,0
14,14558,6047,01371,0,0,0,0,0,0,0,0,0,0,0,0
14,14558,6048,01371,0,0,0,0,0,0,0,0,0,0,0,0
14,14558,6049,01371,1,55,1,0,0,0,0,0,0,0,0,0
14,14558,6050,01371,29,6532,22,0,0,7,0,53,8388,40,0,13
14,14558,6051,01371,64,16075,55,0,0,9,0,91,21869,66,0,25
14,14558,6052,01371,13,2284,13,0,0,0,0,22,3349,17,0,5
14,14558,6053,01371,22,3938,22,0,0,0,0,30,6468,25,0,5
14,14558,6054,01371,33,4956,33,0,0,0,0,36,15533,17,0,19
14,14558,6055,01371,108,13932,89,0,0,19,0,252,72962,114,0,138
14,14558,6056,01371,1208,112467,1166,7,0,35,0,1086,121114,1086,0,0
14,14558,6057,01371,63,8615,63,0,0,0,0,97,12779,97,0,0
14,14558,6058,01371,59,8474,59,0,0,0,0,83,10500,83,0,0
14,14558,6059,01371,51,7801,51,0,0,0,0,70,7487,70,0,0
14,14558,6060,01371,16,2433,16,0,0,0,0,5,392,5,0,0
14,14558,6061,01371,23,3705,23,0,0,0,0,27,3017,27,0,0
14,14558,6062,01371,0,0,0,0,0,0,0,0,0,0,0,0
14,14558,6063,01371,0,0,0,0,0,0,0,0,0,0,0,0
14,14558,6064,01371,0,0,0,0,0,0,0,0,0,0,0,0
14,14558,6065,01371,0,0,0,0,0,0,0,0,0,0,0,0
14,14558,6066,01371,0,0,0,0,0,0,0,0,0,0,0,0
14,14558,6067,01371,17,2407,17,0,0,0,0,23,2070,17,0,6
14,14558,6068,01371,0,0,0,0,0,0,0,0,0,0,0,0
14,14558,6069,01371,23,3252,23,0,0,0,0,49,3315,46,0,3
14,14558,6070,01371,43,10357,41,0,0,2,0,75,10865,66,0,9
14,14558,6071,01371,5,923,5,0,0,0,0,9,629,9,0,0
14,14559,6039,01391,7,924,7,0,0,0,0,2,111,0,0,2
14,14559,6040,01391,5,669,5,0,0,0,0,18,1355,12,0,6
14,14559,6041,01391,0,0,0,0,0,0,0,0,0,0,0,0
14,14559,6042,01391,0,0,0,0,0,0,0,0,0,0,0,0
14,14559,6043,01391,0,0,0,0,0,0,0,0,0,0,0,0
14,14559,6044,01371,0,0,0,0,0,0,0,0,0,0,0,0
14,14559,6045,01371,0,0,0,0,0,0,0,0,0,0,0,0
14,14559,6046,01371,0,0,0,0,0,0,0,0,0,0,0,0
14,14559,6047,01371,0,0,0,0,0,0,0,0,0,0,0,0
14,14559,6048,01371,0,0,0,0,0,0,0,0,0,0,0,0
14,14559,6049,01371,1,381,0,0,0,1,0,1,407,1,0,0
14,14559,6050,01371,11,2237,9,0,0,2,0,21,3219,16,0,5
14,14559,6051,01371,37,8202,18,0,0,19,0,49,10263,40,0,9
14,14559,6052,01371,27,5082,27,0,0,0,0,33,5407,22,0,11
14,14559,6053,01371,57,11339,57,0,0,0,0,98,15930,55,0,43
14,14559,6054,01371,39,5801,39,0,0,0,0,59,12863,41,0,18
14,14559,6055,01371,74,10038,74,0,0,0,0,110,16369,84,0,26
14,14559,6056,01371,91,13444,91,0,0,0,0,154,25422,154,0,0
14,14559,6057,01371,51,6851,51,0,0,0,0,73,8268,73,0,0
14,14559,6058,01371,11,1495,11,0,0,0,0,7,711,7,0,0
14,14559,6059,01371,103,19443,103,0,0,0,0,169,23940,169,0,0
14,14559,6060,01371,172,27410,172,0,0,0,0,252,41114,252,0,0
14,14559,6061,01371,58,8782,58,0,0,0,0,101,14309,101,0,0
14,14559,6062,01371,47,8184,47,0,0,0,0,60,10613,60,0,0
14,14559,6063,01371,26,3646,26,0,0,0,0,0,0,0,0,0
14,14559,6064,01371,0,0,0,0,0,0,0,0,0,0,0,0
14,14559,6065,01371,0,0,0,0,0,0,0,0,0,0,0,0
14,14559,6066,01371,0,0,0,0,0,0,0,1,13,0,0,1
14,14559,6067,01371,1,164,1,0,0,0,0,1,144,1,0,0
14,14559,6068,01371,0,0,0,0,0,0,0,0,0,0,0,0
14,14559,6069,01371,0,0,0,0,0,0,0,0,0,0,0,0
14,14559,6070,01371,0,0,0,0,0,0,0,2,61,2,0,0
14,14559,6071,01371,0,0,0,0,0,0,0,0,0,0,0,0
14,14559,6072,01371,14,1955,14,0,0,0,0,21,1347,21,0,0
14,14559,6073,01371,101,13882,101,0,0,0,0,156,14895,156,0,0
14,14560,6039,01391,0,0,0,0,0,0,0,1,45,0,0,1
14,14560,6040,01391,0,0,0,0,0,0,0,0,0,0,0,0
14,14560,6041,01391,0,0,0,0,0,0,0,0,0,0,0,0
14,14560,6042,01391,0,0,0,0,0,0,0,0,0,0,0,0
14,14560,6043,01391,0,0,0,0,0,0,0,0,0,0,0,0
14,14560,6044,01371,0,0,0,0,0,0,0,0,0,0,0,0
14,14560,6045,01371,0,0,0,0,0,0,0,0,0,0,0,0
14,14560,6046,01371,0,0,0,0,0,0,0,0,0,0,0,0
14,14560,6047,01371,0,0,0,0,0,0,0,0,0,0,0,0
14,14560,6048,01371,0,0,0,0,0,0,0,0,0,0,0,0
14,14560,6049,01371,0,0,0,0,0,0,0,0,0,0,0,0
14,14560,6050,01371,1,155,1,0,0,0,0,1,166,1,0,0
14,14560,6051,01371,3,448,3,0,0,0,0,4,361,4,0,0
14,14560,6052,01371,3,383,3,0,0,0,0,2,210,1,1,0
14,14560,6053,01371,34,7754,31,0,0,3,0,42,8764,40,2,0
14,14560,6054,01371,9,1346,9,0,0,0,0,1,97,1,0,0
14,14560,6055,01371,312,49695,305,1,0,6,0,397,48002,396,1,0
14,14560,6056,01371,61,8394,61,0,0,0,0,182,32031,146,0,36
14,14560,6057,01371,17,2226,17,0,0,0,0,24,2054,23,0,1
14,14560,6058,01371,39,6052,39,0,0,0,0,30,4913,30,0,0
14,14560,6059,01371,0,0,0,0,0,0,0,0,0,0,0,0
14,14560,6060,01371,20,2352,20,0,0,0,0,28,3815,23,0,5
14,14560,6061,01371,38,6346,38,0,0,0,0,56,6486,49,0,7
14,14560,6062,01371,18,2607,18,0,0,0,0,29,4884,23,0,6
14,14560,6063,01371,0,0,0,0,0,0,0,0,0,0,0,0
14,14560,6064,01371,0,0,0,0,0,0,0,0,0,0,0,0
14,14560,6065,01371,0,0,0,0,0,0,0,0,0,0,0,0
14,14560,6066,01371,0,0,0,0,0,0,0,0,0,0,0,0
14,14560,6067,01371,0,0,0,0,0,0,0,0,0,0,0,0
14,14560,6068,01371,0,0,0,0,0,0,0,0,0,0,0,0
14,14560,6069,01371,0,0,0,0,0,0,0,0,0,0,0,0
14,14560,6070,01371,0,0,0,0,0,0,0,0,0,0,0,0
14,14560,6071,01371,0,0,0,0,0,0,0,0,0,0,0,0
14,14560,6072,01346,0,0,0,0,0,0,0,0,0,0,0,0
14,14560,6073,01346,122,17816,122,0,0,0,0,205,19580,205,0,0
14,14560,6074,01346,5,555,5,0,0,0,0,6,524,6,0,0
14,14561,6039,01391,12,1630,12,0,0,0,0,25,2105,16,0,9
14,14561,6040,01391,0,0,0,0,0,0,0,0,0,0,0,0
14,14561,6041,01391,0,0,0,0,0,0,0,0,0,0,0,0
14,14561,6042,01391,0,0,0,0,0,0,0,0,0,0,0,0
14,14561,6043,01391,0,0,0,0,0,0,0,0,0,0,0,0
14,14561,6044,01391,0,0,0,0,0,0,0,0,0,0,0,0
14,14561,6045,01391,0,0,0,0,0,0,0,0,0,0,0,0
14,14561,6046,01371,0,0,0,0,0,0,0,0,0,0,0,0
14,14561,6047,01371,1,178,1,0,0,0,0,2,101,2,0,0
14,14561,6048,01371,0,0,0,0,0,0,0,0,0,0,0,0
14,14561,6049,01371,0,0,0,0,0,0,0,0,0,0,0,0
14,14561,6050,01371,0,0,0,0,0,0,0,0,0,0,0,0
14,14561,6051,01371,27,4851,26,0,0,1,0,35,5584,34,1,0
14,14561,6052,01371,35,5490,33,0,0,2,0,44,5681,42,2,0
14,14561,6053,01371,15,2411,15,0,0,0,0,3,304,1,2,0
14,14561,6054,01371,77,12413,75,0,0,2,0,85,14618,75,10,0
14,14561,6055,01371,133,17394,133,0,0,0,0,206,29646,194,12,0
14,14561,6056,01370,117,17208,114,0,0,3,0,266,35347,213,1,52
14,14561,6057,01370,90,14003,90,0,0,0,0,157,49048,116,5,36
14,14561,6058,01371,1,117,1,0,0,0,0,0,0,0,0,0
14,14561,6059,01370,2,250,2,0,0,0,0,0,0,0,0,0
14,14561,6060,01371,0,0,0,0,0,0,0,0,0,0,0,0
14,14561,6061,01371,0,0,0,0,0,0,0,0,0,0,0,0
14,14561,6062,01371,28,4573,28,0,0,0,0,49,8639,34,0,15
14,14561,6063,01371,28,4593,28,0,0,0,0,96,45415,49,0,47
14,14561,6064,01371,0,0,0,0,0,0,0,0,0,0,0,0
14,14561,6065,01371,0,0,0,0,0,0,0,0,0,0,0,0
14,14561,6066,01371,0,0,0,0,0,0,0,0,0,0,0,0
14,14561,6067,01371,0,0,0,0,0,0,0,0,0,0,0,0
14,14561,6068,01371,0,0,0,0,0,0,0,0,0,0,0,0
14,14561,6069,01371,0,0,0,0,0,0,0,0,0,0,0,0
14,14561,6070,01346,0,0,0,0,0,0,0,0,0,0,0,0
14,14561,6071,01346,0,0,0,0,0,0,0,0,0,0,0,0
14,14561,6072,01346,0,0,0,0,0,0,0,0,0,0,0,0
14,14561,6073,01346,13,2082,13,0,0,0,0,16,1481,16,0,0
14,14561,6074,01346,70,9539,70,0,0,0,0,69,5298,69,0,0
14,14562,6039,01391,34,4815,34,0,0,0,0,54,7511,44,0,10
14,14562,6040,01391,0,0,0,0,0,0,0,0,0,0,0,0
14,14562,6041,01391,0,0,0,0,0,0,0,0,0,0,0,0
14,14562,6042,01391,0,0,0,0,0,0,0,0,0,0,0,0
14,14562,6043,01391,0,0,0,0,0,0,0,0,0,0,0,0
14,14562,6044,01391,0,0,0,0,0,0,0,0,0,0,0,0
14,14562,6045,01391,0,0,0,0,0,0,0,1,83,0,0,1
14,14562,6046,01371,0,0,0,0,0,0,0,0,0,0,0,0
14,14562,6047,01371,0,0,0,0,0,0,0,0,0,0,0,0
14,14562,6048,01371,0,0,0,0,0,0,0,0,0,0,0,0
14,14562,6049,01371,0,0,0,0,0,0,0,0,0,0,0,0
14,14562,6050,01370,0,0,0,0,0,0,0,0,0,0,0,0
14,14562,6051,01370,32,5375,32,0,0,0,0,40,5581,40,0,0
14,14562,6052,01371,59,8998,59,0,0,0,0,75,11895,75,0,0
14,14562,6053,01371,15,2587,15,0,0,0,0,36,7090,36,0,0
14,14562,6054,01370,118,16720,118,0,0,0,0,159,25092,149,10,0
14,14562,6055,01370,114,17142,114,0,0,0,0,115,18755,110,5,0
14,14562,6056,01370,103,13699,103,0,0,0,0,176,23885,127,2,47
14,14562,6057,01370,104,14074,104,0,0,0,0,192,43220,144,3,45
14,14562,6058,01370,45,5988,45,0,0,0,0,91,15342,68,3,20
14,14562,6059,01370,35,4315,35,0,0,0,0,59,7315,41,3,15
14,14562,6060,01370,3,367,3,0,0,0,0,2,106,0,0,2
14,14562,6061,01370,0,0,0,0,0,0,0,0,0,0,0,0
14,14562,6062,01370,0,0,0,0,0,0,0,1,17,0,0,1
14,14562,6063,01371,5,785,5,0,0,0,0,6,976,4,0,2
14,14562,6064,01371,17,3187,16,0,0,1,0,23,3283,22,0,1
14,14562,6065,01371,0,0,0,0,0,0,0,0,0,0,0,0
14,14562,6066,01371,0,0,0,0,0,0,0,0,0,0,0,0
14,14562,6067,01371,0,0,0,0,0,0,0,0,0,0,0,0
14,14562,6068,01371,0,0,0,0,0,0,0,0,0,0,0,0
14,14562,6069,01371,0,0,0,0,0,0,0,0,0,0,0,0
14,14562,6070,01346,0,0,0,0,0,0,0,0,0,0,0,0
14,14562,6071,01346,0,0,0,0,0,0,0,0,0,0,0,0
14,14562,6072,01346,0,0,0,0,0,0,0,0,0,0,0,0
14,14562,6073,01346,41,11388,41,0,0,0,0,51,8863,51,0,0
14,14562,6074,01346,207,38756,207,0,0,0,0,341,42248,341,0,0
14,14562,6105,01331,7,678,7,0,0,0,0,14,1120,14,0,0
14,14562,6106,01331,266,28661,264,0,0,2,0,383,34118,377,0,6
14,14562,6107,01331,0,0,0,0,0,0,0,0,0,0,0,0
14,14562,6108,01331,7,1277,7,0,0,0,0,13,2959,13,0,0
14,14562,6109,01331,17,2579,17,0,0,0,0,20,2837,20,0,0
14,14563,6039,01391,139,21440,139,0,0,0,0,338,31812,304,0,34
14,14563,6040,01391,1,140,1,0,0,0,0,3,394,2,0,1
14,14563,6041,01391,0,0,0,0,0,0,0,0,0,0,0,0
14,14563,6042,01391,0,0,0,0,0,0,0,0,0,0,0,0
14,14563,6043,01391,0,0,0,0,0,0,0,0,0,0,0,0
14,14563,6044,01391,4,586,4,0,0,0,0,6,308,6,0,0
14,14563,6045,01391,1,137,1,0,0,0,0,3,129,2,0,1
14,14563,6046,01371,0,0,0,0,0,0,0,0,0,0,0,0
14,14563,6047,01371,0,0,0,0,0,0,0,0,0,0,0,0
14,14563,6048,01371,0,0,0,0,0,0,0,0,0,0,0,0
14,14563,6049,01371,0,0,0,0,0,0,0,0,0,0,0,0
14,14563,6050,01370,0,0,0,0,0,0,0,0,0,0,0,0
14,14563,6051,01370,0,0,0,0,0,0,0,0,0,0,0,0
14,14563,6052,01370,0,0,0,0,0,0,0,0,0,0,0,0
14,14563,6053,01370,50,7323,50,0,0,0,0,40,7125,40,0,0
14,14563,6054,01370,87,13509,87,0,0,0,0,139,26748,119,20,0
14,14563,6055,01370,1014,109006,995,17,0,2,0,1071,120155,1053,18,0
14,14563,6056,01370,189,30806,188,1,0,0,0,268,49294,195,0,73
14,14563,6057,01370,86,12221,86,0,0,0,0,197,37665,88,1,108
14,14563,6058,01370,41,5489,41,0,0,0,0,87,25900,46,0,41
14,14563,6059,01370,0,0,0,0,0,0,0,1,23,0,0,1
14,14563,6060,01370,0,0,0,0,0,0,0,0,0,0,0,0
14,14563,6061,01370,17,2502,17,0,0,0,0,21,4907,20,0,1
14,14563,6062,01370,28,4591,28,0,0,0,0,52,7831,49,0,3
14,14563,6063,01370,1,123,1,0,0,0,0,2,221,2,0,0
14,14563,6064,01370,0,0,0,0,0,0,0,0,0,0,0,0
14,14563,6065,01371,0,0,0,0,0,0,0,0,0,0,0,0
14,14563,6066,01371,0,0,0,0,0,0,0,0,0,0,0,0
14,14563,6067,01371,0,0,0,0,0,0,0,0,0,0,0,0
14,14563,6068,01371,0,0,0,0,0,0,0,0,0,0,0,0
14,14563,6069,01371,0,0,0,0,0,0,0,0,0,0,0,0
14,14563,6070,01346,0,0,0,0,0,0,0,0,0,0,0,0
14,14563,6071,01346,0,0,0,0,0,0,0,0,0,0,0,0
14,14563,6072,01346,1,65,1,0,0,0,0,2,94,2,0,0
14,14563,6073,01346,16,6518,15,0,0,1,0,28,7309,28,0,0
14,14563,6074,01346,193,36560,191,0,0,2,0,359,36421,359,0,0
14,14563,6100,01362,0,0,0,0,0,0,0,0,0,0,0,0
14,14563,6101,01362,0,0,0,0,0,0,0,0,0,0,0,0
14,14563,6102,01362,0,0,0,0,0,0,0,0,0,0,0,0
14,14563,6103,01362,90,9454,90,0,0,0,0,122,9828,122,0,0
14,14563,6104,01331,0,0,0,0,0,0,0,0,0,0,0,0
14,14563,6105,01331,0,0,0,0,0,0,0,0,0,0,0,0
14,14563,6106,01331,13,1008,13,0,0,0,0,14,1086,13,0,1
14,14563,6107,01331,6,986,3,0,0,3,0,7,897,7,0,0
14,14563,6108,01331,1,240,1,0,0,0,0,6,408,4,0,2
14,14563,6109,01331,772,87855,767,0,0,5,0,1216,106177,1161,0,55
14,14563,6110,01331,157,19787,153,0,0,4,0,251,23595,222,0,29
14,14563,6111,01331,204,20426,203,0,0,1,0,322,23972,310,0,12
14,14563,6112,01331,0,0,0,0,0,0,0,0,0,0,0,0
14,14564,6039,01391,39,8644,39,0,0,0,0,97,11711,78,0,19
14,14564,6040,01391,8,1331,7,0,0,1,0,21,3161,16,0,5
14,14564,6041,01391,7,2253,7,0,0,0,0,10,3673,0,0,10
14,14564,6042,01391,0,0,0,0,0,0,0,0,0,0,0,0
14,14564,6043,01391,0,0,0,0,0,0,0,1,141,0,0,1
14,14564,6044,01391,0,0,0,0,0,0,0,0,0,0,0,0
14,14564,6045,01391,0,0,0,0,0,0,0,0,0,0,0,0
14,14564,6046,01391,0,0,0,0,0,0,0,0,0,0,0,0
14,14564,6047,01371,0,0,0,0,0,0,0,0,0,0,0,0
14,14564,6048,01371,0,0,0,0,0,0,0,0,0,0,0,0
14,14564,6049,01370,0,0,0,0,0,0,0,0,0,0,0,0
14,14564,6050,01370,0,0,0,0,0,0,0,0,0,0,0,0
14,14564,6051,01370,0,0,0,0,0,0,0,0,0,0,0,0
14,14564,6052,01370,0,0,0,0,0,0,0,0,0,0,0,0
14,14564,6053,01370,0,0,0,0,0,0,0,0,0,0,0,0
14,14564,6054,01370,1,126,1,0,0,0,0,4,643,4,0,0
14,14564,6055,01370,1636,182907,1595,27,0,14,0,1746,207073,1729,17,0
14,14564,6056,01370,230,36824,224,3,0,3,0,392,64318,287,2,103
14,14564,6057,01370,88,13658,88,0,0,0,0,210,40079,55,8,147
14,14564,6058,01370,88,12097,88,0,0,0,0,163,29000,103,3,57
14,14564,6059,01370,33,4796,33,0,0,0,0,67,15120,47,2,18
14,14564,6060,01370,0,0,0,0,0,0,0,0,0,0,0,0
14,14564,6061,01370,3,409,3,0,0,0,0,47,17533,43,0,4
14,14564,6062,01370,6,749,6,0,0,0,0,21,4569,18,0,3
14,14564,6063,01370,2,300,2,0,0,0,0,0,0,0,0,0
14,14564,6064,01370,0,0,0,0,0,0,0,0,0,0,0,0
14,14564,6065,01346,0,0,0,0,0,0,0,0,0,0,0,0
14,14564,6066,01371,0,0,0,0,0,0,0,0,0,0,0,0
14,14564,6067,01371,0,0,0,0,0,0,0,0,0,0,0,0
14,14564,6068,01346,0,0,0,0,0,0,0,0,0,0,0,0
14,14564,6069,01346,0,0,0,0,0,0,0,0,0,0,0,0
14,14564,6070,01346,0,0,0,0,0,0,0,0,0,0,0,0
14,14564,6071,01346,0,0,0,0,0,0,0,0,0,0,0,0
14,14564,6072,01346,0,0,0,0,0,0,0,0,0,0,0,0
14,14564,6073,01346,0,0,0,0,0,0,0,0,0,0,0,0
14,14564,6074,01346,146,33676,143,0,0,3,0,266,27657,266,0,0
14,14564,6075,01346,6,703,6,0,0,0,0,6,377,6,0,0
14,14564,6099,01362,104,10856,104,0,0,0,0,124,10268,124,0,0
14,14564,6100,01362,186,23167,186,0,0,0,0,221,22843,221,0,0
14,14564,6101,01362,0,0,0,0,0,0,0,0,0,0,0,0
14,14564,6102,01362,0,0,0,0,0,0,0,0,0,0,0,0
14,14564,6103,01362,0,0,0,0,0,0,0,0,0,0,0,0
14,14564,6104,01362,0,0,0,0,0,0,0,0,0,0,0,0
14,14564,6105,01331,0,0,0,0,0,0,0,0,0,0,0,0
14,14564,6106,01331,0,0,0,0,0,0,0,0,0,0,0,0
14,14564,6107,01331,0,0,0,0,0,0,0,0,0,0,0,0
14,14564,6108,01331,0,0,0,0,0,0,0,0,0,0,0,0
14,14564,6109,01331,0,0,0,0,0,0,0,0,0,0,0,0
14,14564,6110,01331,1,98,1,0,0,0,0,1,69,0,0,1
14,14564,6111,01331,1,32,1,0,0,0,0,2,692,1,0,1
14,14564,6112,01331,257,23983,255,0,0,2,0,327,25903,327,0,0
14,14564,6113,01331,440,49265,439,1,0,0,0,674,59502,674,0,0
14,14564,6114,01331,187,17196,187,0,0,0,0,313,20582,313,0,0
14,14564,6115,01331,0,0,0,0,0,0,0,1,233,1,0,0
14,14565,6039,01391,29,5207,29,0,0,0,0,89,7904,74,0,15
14,14565,6040,01391,0,0,0,0,0,0,0,0,0,0,0,0
14,14565,6041,01391,0,0,0,0,0,0,0,0,0,0,0,0
14,14565,6042,01391,1,393,1,0,0,0,0,2,559,1,0,1
14,14565,6043,01391,0,0,0,0,0,0,0,0,0,0,0,0
14,14565,6044,01391,0,0,0,0,0,0,0,0,0,0,0,0
14,14565,6045,01391,0,0,0,0,0,0,0,0,0,0,0,0
14,14565,6046,01391,0,0,0,0,0,0,0,0,0,0,0,0
14,14565,6047,01391,0,0,0,0,0,0,0,0,0,0,0,0
14,14565,6048,01370,0,0,0,0,0,0,0,0,0,0,0,0
14,14565,6049,01370,0,0,0,0,0,0,0,0,0,0,0,0
14,14565,6050,01370,0,0,0,0,0,0,0,0,0,0,0,0
14,14565,6051,01370,0,0,0,0,0,0,0,0,0,0,0,0
14,14565,6052,01370,1,151,1,0,0,0,0,0,0,0,0,0
14,14565,6053,01370,19,3405,19,0,0,0,0,24,3299,22,2,0
14,14565,6054,01370,15,2190,15,0,0,0,0,23,4146,23,0,0
14,14565,6055,01370,54,8626,54,0,0,0,0,62,10037,62,0,0
14,14565,6056,01370,104,14832,104,0,0,0,0,180,26188,13,1,166
14,14565,6057,01370,18,2704,18,0,0,0,0,17,1886,0,0,17
14,14565,6058,01370,84,12205,84,0,0,0,0,180,37559,114,2,64
14,14565,6059,01370,66,10461,66,0,0,0,0,133,18743,96,0,37
14,14565,6060,01370,3,367,3,0,0,0,0,0,0,0,0,0
14,14565,6061,01370,15,5623,12,0,0,3,0,5,1453,4,0,1
14,14565,6062,01370,0,0,0,0,0,0,0,0,0,0,0,0
14,14565,6063,01370,0,0,0,0,0,0,0,0,0,0,0,0
14,14565,6064,01370,1,168,1,0,0,0,0,1,313,1,0,0
14,14565,6065,01346,0,0,0,0,0,0,0,0,0,0,0,0
14,14565,6066,01346,0,0,0,0,0,0,0,0,0,0,0,0
14,14565,6067,01346,0,0,0,0,0,0,0,0,0,0,0,0
14,14565,6068,01346,0,0,0,0,0,0,0,0,0,0,0,0
14,14565,6069,01346,0,0,0,0,0,0,0,0,0,0,0,0
14,14565,6070,01346,0,0,0,0,0,0,0,0,0,0,0,0
14,14565,6071,01346,0,0,0,0,0,0,0,3,213,0,0,3
14,14565,6072,01346,4,687,4,0,0,0,0,2,854,2,0,0
14,14565,6073,01346,0,0,0,0,0,0,0,0,0,0,0,0
14,14565,6074,01346,0,0,0,0,0,0,0,0,0,0,0,0
14,14565,6075,01346,1,1109,1,0,0,0,0,0,0,0,0,0
14,14565,6076,01346,63,10116,63,0,0,0,0,35,3447,35,0,0
14,14565,6097,01362,70,6873,66,1,0,3,0,74,6195,74,0,0
14,14565,6098,01362,76,6822,76,0,0,0,0,72,6331,72,0,0
14,14565,6099,01362,0,0,0,0,0,0,0,0,0,0,0,0
14,14565,6100,01362,6,576,6,0,0,0,0,6,671,6,0,0
14,14565,6101,01362,7,454,7,0,0,0,0,4,794,4,0,0
14,14565,6102,01362,1,195,1,0,0,0,0,1,188,1,0,0
14,14565,6103,01362,0,0,0,0,0,0,0,0,0,0,0,0
14,14565,6104,01362,0,0,0,0,0,0,0,0,0,0,0,0
14,14565,6105,01331,0,0,0,0,0,0,0,0,0,0,0,0
14,14565,6106,01331,0,0,0,0,0,0,0,0,0,0,0,0
14,14565,6107,01331,0,0,0,0,0,0,0,0,0,0,0,0
14,14565,6108,01331,0,0,0,0,0,0,0,0,0,0,0,0
14,14565,6109,01331,0,0,0,0,0,0,0,0,0,0,0,0
14,14565,6110,01331,0,0,0,0,0,0,0,0,0,0,0,0
14,14565,6111,01331,0,0,0,0,0,0,0,0,0,0,0,0
14,14565,6112,01331,0,0,0,0,0,0,0,0,0,0,0,0
14,14565,6113,01331,0,0,0,0,0,0,0,0,0,0,0,0
14,14565,6114,01331,15,3136,15,0,0,0,0,19,3535,19,0,0
14,14565,6115,01331,265,25693,265,0,0,0,0,384,35098,384,0,0
14,14565,6116,01331,0,0,0,0,0,0,0,0,0,0,0,0
14,14566,6037,01391,2,287,2,0,0,0,0,3,319,3,0,0
14,14566,6038,01391,164,32775,164,0,0,0,0,402,34706,355,0,47
14,14566,6039,01391,20,5052,20,0,0,0,0,59,8501,41,0,18
14,14566,6040,01391,3,432,3,0,0,0,0,5,411,4,0,1
14,14566,6041,01391,0,0,0,0,0,0,0,0,0,0,0,0
14,14566,6042,01391,0,0,0,0,0,0,0,0,0,0,0,0
14,14566,6043,01391,0,0,0,0,0,0,0,0,0,0,0,0
14,14566,6044,01391,0,0,0,0,0,0,0,0,0,0,0,0
14,14566,6045,01391,0,0,0,0,0,0,0,0,0,0,0,0
14,14566,6046,01391,0,0,0,0,0,0,0,0,0,0,0,0
14,14566,6047,01391,0,0,0,0,0,0,0,0,0,0,0,0
14,14566,6048,01370,0,0,0,0,0,0,0,0,0,0,0,0
14,14566,6049,01370,0,0,0,0,0,0,0,0,0,0,0,0
14,14566,6050,01370,0,0,0,0,0,0,0,0,0,0,0,0
14,14566,6051,01370,0,0,0,0,0,0,0,0,0,0,0,0
14,14566,6052,01370,1,137,1,0,0,0,0,0,0,0,0,0
14,14566,6053,01370,12,3956,6,0,0,6,0,13,3540,13,0,0
14,14566,6054,01370,34,4753,34,0,0,0,0,32,3977,31,1,0
14,14566,6055,01370,53,8391,53,0,0,0,0,80,17857,75,5,0
14,14566,6056,01370,246,45375,246,0,0,0,0,445,52814,244,13,188
14,14566,6057,01370,2,246,2,0,0,0,0,6,316,0,1,5
14,14566,6058,01370,10,1435,10,0,0,0,0,5,1749,0,0,5
14,14566,6059,01370,4,525,4,0,0,0,0,4,487,4,0,0
14,14566,6060,01370,8,1101,8,0,0,0,0,8,724,8,0,0
14,14566,6061,01370,1,124,1,0,0,0,0,0,0,0,0,0
14,14566,6062,01370,0,0,0,0,0,0,0,0,0,0,0,0
14,14566,6063,01370,0,0,0,0,0,0,0,0,0,0,0,0
14,14566,6064,01346,0,0,0,0,0,0,0,0,0,0,0,0
14,14566,6065,01346,0,0,0,0,0,0,0,0,0,0,0,0
14,14566,6066,01346,0,0,0,0,0,0,0,0,0,0,0,0
14,14566,6067,01346,0,0,0,0,0,0,0,0,0,0,0,0
14,14566,6068,01346,0,0,0,0,0,0,0,0,0,0,0,0
14,14566,6069,01346,0,0,0,0,0,0,0,0,0,0,0,0
14,14566,6070,01346,0,0,0,0,0,0,0,0,0,0,0,0
14,14566,6071,01346,0,0,0,0,0,0,0,4,271,0,0,4
14,14566,6072,01346,0,0,0,0,0,0,0,0,0,0,0,0
14,14566,6073,01346,0,0,0,0,0,0,0,0,0,0,0,0
14,14566,6074,01346,0,0,0,0,0,0,0,0,0,0,0,0
14,14566,6075,01346,0,0,0,0,0,0,0,0,0,0,0,0
14,14566,6076,01346,55,12432,55,0,0,0,0,109,7522,109,0,0
14,14566,6077,01346,327,50503,327,0,0,0,0,535,50328,535,0,0
14,14566,6078,01364,1,123,1,0,0,0,0,1,171,1,0,0
14,14566,6079,01364,0,0,0,0,0,0,0,0,0,0,0,0
14,14566,6093,01362,50,7344,50,0,0,0,0,58,6401,50,0,8
14,14566,6094,01362,50,5852,50,0,0,0,0,84,6129,68,0,16
14,14566,6095,01362,15,3947,15,0,0,0,0,19,3961,15,0,4
14,14566,6096,01362,174,18639,173,0,0,1,0,203,20178,198,5,0
14,14566,6097,01362,177,17889,175,2,0,0,0,177,17393,177,0,0
14,14566,6098,01362,0,0,0,0,0,0,0,0,0,0,0,0
14,14566,6099,01362,0,0,0,0,0,0,0,0,0,0,0,0
14,14566,6100,01362,0,0,0,0,0,0,0,0,0,0,0,0
14,14566,6101,01362,1,149,1,0,0,0,0,0,0,0,0,0
14,14566,6102,01362,0,0,0,0,0,0,0,0,0,0,0,0
14,14566,6103,01362,0,0,0,0,0,0,0,0,0,0,0,0
14,14566,6104,01362,0,0,0,0,0,0,0,0,0,0,0,0
14,14566,6105,01362,0,0,0,0,0,0,0,0,0,0,0,0
14,14566,6106,01362,0,0,0,0,0,0,0,0,0,0,0,0
14,14566,6107,01331,0,0,0,0,0,0,0,0,0,0,0,0
14,14566,6108,01331,0,0,0,0,0,0,0,0,0,0,0,0
14,14566,6109,01331,0,0,0,0,0,0,0,0,0,0,0,0
14,14566,6110,01331,0,0,0,0,0,0,0,0,0,0,0,0
14,14566,6111,01331,0,0,0,0,0,0,0,0,0,0,0,0
14,14566,6112,01331,0,0,0,0,0,0,0,0,0,0,0,0
14,14566,6113,01331,2,186,2,0,0,0,0,1,141,1,0,0
14,14566,6114,01331,0,0,0,0,0,0,0,0,0,0,0,0
14,14566,6115,01331,8,1667,8,0,0,0,0,11,2103,11,0,0
14,14566,6116,01331,39,5413,39,0,0,0,0,25,5152,25,0,0
14,14566,6117,01331,0,0,0,0,0,0,0,0,0,0,0,0
14,14567,6036,01391,29,5459,29,0,0,0,0,75,6872,67,0,8
14,14567,6037,01391,46,7029,46,0,0,0,0,119,9887,116,0,3
14,14567,6038,01391,0,0,0,0,0,0,0,0,0,0,0,0
14,14567,6039,01391,0,0,0,0,0,0,0,0,0,0,0,0
14,14567,6040,01391,26,6210,23,0,0,3,0,37,7464,29,0,8
14,14567,6041,01391,0,0,0,0,0,0,0,0,0,0,0,0
14,14567,6042,01391,0,0,0,0,0,0,0,0,0,0,0,0
14,14567,6043,01391,0,0,0,0,0,0,0,0,0,0,0,0
14,14567,6044,01391,0,0,0,0,0,0,0,0,0,0,0,0
14,14567,6045,01391,0,0,0,0,0,0,0,0,0,0,0,0
14,14567,6046,01391,0,0,0,0,0,0,0,0,0,0,0,0
14,14567,6047,01391,0,0,0,0,0,0,0,0,0,0,0,0
14,14567,6048,01370,0,0,0,0,0,0,0,0,0,0,0,0
14,14567,6049,01370,0,0,0,0,0,0,0,0,0,0,0,0
14,14567,6050,01370,0,0,0,0,0,0,0,0,0,0,0,0
14,14567,6051,01370,0,0,0,0,0,0,0,0,0,0,0,0
14,14567,6052,01370,0,0,0,0,0,0,0,0,0,0,0,0
14,14567,6053,01370,0,0,0,0,0,0,0,0,0,0,0,0
14,14567,6054,01370,1,137,1,0,0,0,0,0,0,0,0,0
14,14567,6055,01370,5,887,5,0,0,0,0,1,52,0,1,0
14,14567,6056,01370,74,10836,73,0,0,1,0,118,13913,54,5,59
14,14567,6057,01370,9,1238,9,0,0,0,0,17,1857,0,4,13
14,14567,6058,01370,0,0,0,0,0,0,0,0,0,0,0,0
14,14567,6059,01370,0,0,0,0,0,0,0,0,0,0,0,0
14,14567,6060,01370,0,0,0,0,0,0,0,0,0,0,0,0
14,14567,6061,01346,0,0,0,0,0,0,0,0,0,0,0,0
14,14567,6062,01370,0,0,0,0,0,0,0,0,0,0,0,0
14,14567,6063,01346,0,0,0,0,0,0,0,0,0,0,0,0
14,14567,6064,01346,0,0,0,0,0,0,0,0,0,0,0,0
14,14567,6065,01346,0,0,0,0,0,0,0,0,0,0,0,0
14,14567,6066,01346,0,0,0,0,0,0,0,0,0,0,0,0
14,14567,6067,01346,0,0,0,0,0,0,0,0,0,0,0,0
14,14567,6068,01346,0,0,0,0,0,0,0,0,0,0,0,0
14,14567,6069,01346,0,0,0,0,0,0,0,0,0,0,0,0
14,14567,6070,01346,0,0,0,0,0,0,0,0,0,0,0,0
14,14567,6071,01346,0,0,0,0,0,0,0,0,0,0,0,0
14,14567,6072,01346,0,0,0,0,0,0,0,0,0,0,0,0
14,14567,6073,01346,0,0,0,0,0,0,0,0,0,0,0,0
14,14567,6074,01346,0,0,0,0,0,0,0,0,0,0,0,0
14,14567,6075,01346,0,0,0,0,0,0,0,0,0,0,0,0
14,14567,6076,01346,0,0,0,0,0,0,0,0,0,0,0,0
14,14567,6077,01346,36,5210,36,0,0,0,0,4,582,4,0,0
14,14567,6078,01364,40,4798,40,0,0,0,0,75,6024,75,0,0
14,14567,6079,01364,235,33393,235,0,0,0,0,475,41972,475,0,0
14,14567,6080,01364,21,3088,21,0,0,0,0,54,4806,54,0,0
14,14567,6093,01362,75,10345,75,0,0,0,0,97,9593,73,0,24
14,14567,6094,01362,23,5317,21,0,0,2,0,26,5048,23,1,2
14,14567,6095,01362,19,3385,18,0,0,1,0,86,13506,70,0,16
14,14567,6096,01362,10,968,10,0,0,0,0,19,3007,19,0,0
14,14567,6097,01362,0,0,0,0,0,0,0,0,0,0,0,0
14,14567,6098,01362,0,0,0,0,0,0,0,0,0,0,0,0
14,14567,6099,01362,0,0,0,0,0,0,0,0,0,0,0,0
14,14567,6100,01362,0,0,0,0,0,0,0,0,0,0,0,0
14,14567,6101,01362,0,0,0,0,0,0,0,0,0,0,0,0
14,14567,6102,01362,0,0,0,0,0,0,0,0,0,0,0,0
14,14567,6103,01362,0,0,0,0,0,0,0,0,0,0,0,0
14,14567,6104,01362,0,0,0,0,0,0,0,1,30,0,0,1
14,14567,6105,01362,0,0,0,0,0,0,0,0,0,0,0,0
14,14567,6106,01362,0,0,0,0,0,0,0,0,0,0,0,0
14,14567,6107,01331,0,0,0,0,0,0,0,0,0,0,0,0
14,14567,6108,01331,0,0,0,0,0,0,0,0,0,0,0,0
14,14567,6109,01331,0,0,0,0,0,0,0,0,0,0,0,0
14,14567,6110,01331,0,0,0,0,0,0,0,0,0,0,0,0
14,14567,6111,01331,0,0,0,0,0,0,0,0,0,0,0,0
14,14567,6112,01331,0,0,0,0,0,0,0,0,0,0,0,0
14,14567,6113,01331,0,0,0,0,0,0,0,0,0,0,0,0
14,14567,6114,01331,0,0,0,0,0,0,0,0,0,0,0,0
14,14567,6115,01331,0,0,0,0,0,0,0,0,0,0,0,0
14,14567,6116,01331,215,39761,212,1,0,2,0,276,43745,276,0,0
14,14567,6117,01331,489,74050,485,1,0,3,0,671,82198,671,0,0
14,14568,6035,01391,0,0,0,0,0,0,0,0,0,0,0,0
14,14568,6036,01391,69,11552,69,0,0,0,0,122,12076,122,0,0
14,14568,6037,01391,0,0,0,0,0,0,0,0,0,0,0,0
14,14568,6038,01391,0,0,0,0,0,0,0,0,0,0,0,0
14,14568,6039,01391,0,0,0,0,0,0,0,0,0,0,0,0
14,14568,6040,01391,0,0,0,0,0,0,0,0,0,0,0,0
14,14568,6041,01391,0,0,0,0,0,0,0,0,0,0,0,0
14,14568,6042,01391,0,0,0,0,0,0,0,0,0,0,0,0
14,14568,6043,01391,0,0,0,0,0,0,0,0,0,0,0,0
14,14568,6044,01391,0,0,0,0,0,0,0,0,0,0,0,0
14,14568,6045,01391,0,0,0,0,0,0,0,0,0,0,0,0
14,14568,6046,01391,0,0,0,0,0,0,0,0,0,0,0,0
14,14568,6047,01391,0,0,0,0,0,0,0,0,0,0,0,0
14,14568,6048,01370,0,0,0,0,0,0,0,0,0,0,0,0
14,14568,6049,01370,0,0,0,0,0,0,0,0,0,0,0,0
14,14568,6050,01370,0,0,0,0,0,0,0,0,0,0,0,0
14,14568,6051,01370,0,0,0,0,0,0,0,0,0,0,0,0
14,14568,6052,01370,0,0,0,0,0,0,0,0,0,0,0,0
14,14568,6053,01370,1,131,1,0,0,0,0,1,41,0,1,0
14,14568,6054,01370,0,0,0,0,0,0,0,0,0,0,0,0
14,14568,6055,01370,1,152,1,0,0,0,0,0,0,0,0,0
14,14568,6056,01370,44,6643,44,0,0,0,0,56,5727,37,1,18
14,14568,6057,01370,50,6758,50,0,0,0,0,43,4552,0,3,40
14,14568,6058,01370,37,5514,37,0,0,0,0,39,4764,33,0,6
14,14568,6059,01370,0,0,0,0,0,0,0,0,0,0,0,0
14,14568,6060,01370,1,149,1,0,0,0,0,0,0,0,0,0
14,14568,6061,01346,1,168,1,0,0,0,0,0,0,0,0,0
14,14568,6062,01346,0,0,0,0,0,0,0,0,0,0,0,0
14,14568,6063,01346,0,0,0,0,0,0,0,1,46,0,0,1
14,14568,6064,01346,4,555,4,0,0,0,0,0,0,0,0,0
14,14568,6065,01346,0,0,0,0,0,0,0,0,0,0,0,0
14,14568,6066,01346,0,0,0,0,0,0,0,0,0,0,0,0
14,14568,6067,01346,0,0,0,0,0,0,0,0,0,0,0,0
14,14568,6068,01346,0,0,0,0,0,0,0,0,0,0,0,0
14,14568,6069,01346,0,0,0,0,0,0,0,0,0,0,0,0
14,14568,6070,01346,1,37,1,0,0,0,0,0,0,0,0,0
14,14568,6071,01346,0,0,0,0,0,0,0,0,0,0,0,0
14,14568,6072,01346,0,0,0,0,0,0,0,0,0,0,0,0
14,14568,6073,01346,0,0,0,0,0,0,0,0,0,0,0,0
14,14568,6074,01346,0,0,0,0,0,0,0,0,0,0,0,0
14,14568,6075,01346,0,0,0,0,0,0,0,0,0,0,0,0
14,14568,6076,01346,4,761,4,0,0,0,0,2,65,0,0,2
14,14568,6077,01346,0,0,0,0,0,0,0,0,0,0,0,0
14,14568,6078,01364,0,0,0,0,0,0,0,0,0,0,0,0
14,14568,6079,01364,0,0,0,0,0,0,0,1,10,0,0,1
14,14568,6080,01364,65,8307,65,0,0,0,0,142,11796,126,0,16
14,14568,6081,01364,89,14173,89,0,0,0,0,183,20041,161,0,22
14,14568,6089,01361,1,23,1,0,0,0,0,1,22,1,0,0
14,14568,6090,01361,18,3107,18,0,0,0,0,13,2222,13,0,0
14,14568,6093,01362,186,29625,185,0,0,1,0,213,54200,201,12,0
14,14568,6094,01362,355,57815,355,0,0,0,0,377,48103,365,12,0
14,14568,6095,01362,0,0,0,0,0,0,0,0,0,0,0,0
14,14568,6096,01362,0,0,0,0,0,0,0,3,440,0,0,3
14,14568,6097,01362,0,0,0,0,0,0,0,0,0,0,0,0
14,14568,6098,01362,0,0,0,0,0,0,0,0,0,0,0,0
14,14568,6099,01362,0,0,0,0,0,0,0,0,0,0,0,0
14,14568,6100,01362,0,0,0,0,0,0,0,0,0,0,0,0
14,14568,6101,01362,0,0,0,0,0,0,0,0,0,0,0,0
14,14568,6102,01362,0,0,0,0,0,0,0,0,0,0,0,0
14,14568,6103,01362,0,0,0,0,0,0,0,0,0,0,0,0
14,14568,6104,01362,0,0,0,0,0,0,0,0,0,0,0,0
14,14568,6105,01362,0,0,0,0,0,0,0,0,0,0,0,0
14,14568,6106,01362,0,0,0,0,0,0,0,0,0,0,0,0
14,14568,6107,01331,0,0,0,0,0,0,0,0,0,0,0,0
14,14568,6108,01331,0,0,0,0,0,0,0,0,0,0,0,0
14,14568,6109,01331,0,0,0,0,0,0,0,0,0,0,0,0
14,14568,6110,01331,0,0,0,0,0,0,0,0,0,0,0,0
14,14568,6111,01331,0,0,0,0,0,0,0,0,0,0,0,0
14,14568,6112,01331,0,0,0,0,0,0,0,0,0,0,0,0
14,14568,6113,01331,0,0,0,0,0,0,0,0,0,0,0,0
14,14568,6114,01331,0,0,0,0,0,0,0,0,0,0,0,0
14,14568,6115,01331,0,0,0,0,0,0,0,0,0,0,0,0
14,14568,6116,01331,1177,157139,1171,1,0,5,0,1497,179705,1428,0,69
14,14568,6117,01331,50,4866,50,0,0,0,0,55,5006,55,0,0
14,14569,6035,01391,26,4476,26,0,0,0,0,44,3723,44,0,0
14,14569,6036,01391,114,23496,110,0,0,4,0,227,23300,227,0,0
14,14569,6037,01391,0,0,0,0,0,0,0,0,0,0,0,0
14,14569,6038,01391,0,0,0,0,0,0,0,0,0,0,0,0
14,14569,6039,01391,0,0,0,0,0,0,0,0,0,0,0,0
14,14569,6040,01391,0,0,0,0,0,0,0,0,0,0,0,0
14,14569,6041,01391,0,0,0,0,0,0,0,0,0,0,0,0
14,14569,6042,01391,0,0,0,0,0,0,0,0,0,0,0,0
14,14569,6043,01391,0,0,0,0,0,0,0,0,0,0,0,0
14,14569,6044,01391,0,0,0,0,0,0,0,0,0,0,0,0
14,14569,6045,01391,0,0,0,0,0,0,0,0,0,0,0,0
14,14569,6046,01391,0,0,0,0,0,0,0,0,0,0,0,0
14,14569,6047,01370,0,0,0,0,0,0,0,0,0,0,0,0
14,14569,6048,01370,0,0,0,0,0,0,0,0,0,0,0,0
14,14569,6049,01370,0,0,0,0,0,0,0,0,0,0,0,0
14,14569,6050,01370,0,0,0,0,0,0,0,0,0,0,0,0
14,14569,6051,01370,0,0,0,0,0,0,0,0,0,0,0,0
14,14569,6052,01370,0,0,0,0,0,0,0,0,0,0,0,0
14,14569,6053,01370,0,0,0,0,0,0,0,0,0,0,0,0
14,14569,6054,01370,0,0,0,0,0,0,0,0,0,0,0,0
14,14569,6055,01370,0,0,0,0,0,0,0,0,0,0,0,0
14,14569,6056,01370,6,885,6,0,0,0,0,14,1856,11,0,3
14,14569,6057,01370,34,5139,34,0,0,0,0,60,7645,44,0,16
14,14569,6058,01370,16,2834,16,0,0,0,0,21,3460,14,0,7
14,14569,6059,01370,0,0,0,0,0,0,0,0,0,0,0,0
14,14569,6060,01370,0,0,0,0,0,0,0,0,0,0,0,0
14,14569,6061,01346,0,0,0,0,0,0,0,0,0,0,0,0
14,14569,6062,01346,2,268,2,0,0,0,0,0,0,0,0,0
14,14569,6063,01346,1,144,1,0,0,0,0,0,0,0,0,0
14,14569,6064,01346,46,21975,39,0,0,7,0,33,34016,33,0,0
14,14569,6065,01346,7,1402,7,0,0,0,0,9,2077,9,0,0
14,14569,6066,01346,24,7686,22,0,0,2,0,0,0,0,0,0
14,14569,6067,01346,0,0,0,0,0,0,0,0,0,0,0,0
14,14569,6068,01346,0,0,0,0,0,0,0,0,0,0,0,0
14,14569,6069,01346,0,0,0,0,0,0,0,0,0,0,0,0
14,14569,6070,01346,8,1771,8,0,0,0,0,6,2648,6,0,0
14,14569,6071,01346,3,384,3,0,0,0,0,1,105,1,0,0
14,14569,6072,01346,0,0,0,0,0,0,0,0,0,0,0,0
14,14569,6073,01346,0,0,0,0,0,0,0,0,0,0,0,0
14,14569,6074,01346,0,0,0,0,0,0,0,0,0,0,0,0
14,14569,6075,01346,1,39,1,0,0,0,0,0,0,0,0,0
14,14569,6076,01346,1,361,1,0,0,0,0,1,311,1,0,0
14,14569,6077,01346,0,0,0,0,0,0,0,0,0,0,0,0
14,14569,6078,01364,0,0,0,0,0,0,0,0,0,0,0,0
14,14569,6079,01364,0,0,0,0,0,0,0,0,0,0,0,0
14,14569,6080,01364,0,0,0,0,0,0,0,0,0,0,0,0
14,14569,6081,01364,103,21175,101,0,0,2,0,261,27209,205,0,56
14,14569,6082,01364,121,14477,121,0,0,0,0,273,23327,242,0,31
14,14569,6083,01364,1005,149245,996,1,0,8,0,1190,150621,1126,0,64
14,14569,6084,01364,270,34656,270,0,0,0,0,413,40969,332,0,81
14,14569,6085,01361,24,4901,24,0,0,0,0,42,5674,22,1,19
14,14569,6086,01361,0,0,0,0,0,0,0,0,0,0,0,0
14,14569,6087,01361,69,6287,69,0,0,0,0,79,6249,74,0,5
14,14569,6088,01361,378,32379,375,0,0,3,0,264,25898,256,8,0
14,14569,6089,01361,951,94125,937,4,0,10,0,735,84076,708,27,0
14,14569,6090,01361,2220,257318,2171,29,0,20,0,1683,239037,1611,72,0
14,14569,6091,01361,836,86758,820,5,0,11,0,484,82473,460,24,0
14,14569,6092,01361,172,15562,170,0,0,2,0,99,12987,97,2,0
14,14569,6093,01362,548,76910,546,0,0,2,0,576,72606,573,3,0
14,14569,6094,01362,526,89925,523,0,0,3,0,621,96533,598,23,0
14,14569,6095,01362,60,6774,60,0,0,0,0,75,10264,73,2,0
14,14569,6096,01362,0,0,0,0,0,0,0,0,0,0,0,0
14,14569,6097,01362,0,0,0,0,0,0,0,0,0,0,0,0
14,14569,6098,01362,0,0,0,0,0,0,0,0,0,0,0,0
14,14569,6099,01362,0,0,0,0,0,0,0,0,0,0,0,0
14,14569,6100,01362,0,0,0,0,0,0,0,0,0,0,0,0
14,14569,6101,01362,0,0,0,0,0,0,0,0,0,0,0,0
14,14569,6102,01362,0,0,0,0,0,0,0,0,0,0,0,0
14,14569,6103,01362,0,0,0,0,0,0,0,0,0,0,0,0
14,14569,6104,01362,0,0,0,0,0,0,0,0,0,0,0,0
14,14569,6105,01362,0,0,0,0,0,0,0,0,0,0,0,0
14,14569,6106,01362,0,0,0,0,0,0,0,0,0,0,0,0
14,14569,6107,01331,0,0,0,0,0,0,0,0,0,0,0,0
14,14569,6108,01331,0,0,0,0,0,0,0,0,0,0,0,0
14,14569,6109,01331,0,0,0,0,0,0,0,0,0,0,0,0
14,14569,6110,01331,0,0,0,0,0,0,0,0,0,0,0,0
14,14569,6111,01331,0,0,0,0,0,0,0,0,0,0,0,0
14,14569,6112,01331,0,0,0,0,0,0,0,0,0,0,0,0
14,14569,6113,01331,0,0,0,0,0,0,0,0,0,0,0,0
14,14569,6114,01331,0,0,0,0,0,0,0,0,0,0,0,0
14,14569,6115,01331,10,928,10,0,0,0,0,18,1776,9,0,9
14,14569,6116,01331,472,53020,469,0,0,3,0,805,72868,768,0,37
14,14569,6117,01331,0,0,0,0,0,0,0,0,0,0,0,0
14,14570,6033,01391,21,4795,21,0,0,0,0,60,5926,60,0,0
14,14570,6034,01391,44,7934,44,0,0,0,0,97,8988,97,0,0
14,14570,6035,01391,10,1624,9,0,0,1,0,17,2412,17,0,0
14,14570,6036,01391,3,500,3,0,0,0,0,4,349,4,0,0
14,14570,6037,01391,0,0,0,0,0,0,0,0,0,0,0,0
14,14570,6038,01391,0,0,0,0,0,0,0,0,0,0,0,0
14,14570,6039,01391,0,0,0,0,0,0,0,0,0,0,0,0
14,14570,6040,01391,0,0,0,0,0,0,0,0,0,0,0,0
14,14570,6041,01391,0,0,0,0,0,0,0,0,0,0,0,0
14,14570,6042,01391,0,0,0,0,0,0,0,0,0,0,0,0
14,14570,6043,01391,0,0,0,0,0,0,0,0,0,0,0,0
14,14570,6044,01370,0,0,0,0,0,0,0,0,0,0,0,0
14,14570,6045,01391,0,0,0,0,0,0,0,0,0,0,0,0
14,14570,6046,01370,0,0,0,0,0,0,0,0,0,0,0,0
14,14570,6047,01370,0,0,0,0,0,0,0,0,0,0,0,0
14,14570,6048,01370,0,0,0,0,0,0,0,0,0,0,0,0
14,14570,6049,01370,0,0,0,0,0,0,0,0,0,0,0,0
14,14570,6050,01370,0,0,0,0,0,0,0,0,0,0,0,0
14,14570,6051,01370,0,0,0,0,0,0,0,0,0,0,0,0
14,14570,6052,01370,0,0,0,0,0,0,0,0,0,0,0,0
14,14570,6053,01370,0,0,0,0,0,0,0,0,0,0,0,0
14,14570,6054,01370,0,0,0,0,0,0,0,0,0,0,0,0
14,14570,6055,01370,67,10748,67,0,0,0,0,65,6244,65,0,0
14,14570,6056,01370,21,2912,21,0,0,0,0,29,2887,13,0,16
14,14570,6057,01370,0,0,0,0,0,0,0,0,0,0,0,0
14,14570,6058,01370,0,0,0,0,0,0,0,0,0,0,0,0
14,14570,6059,01370,0,0,0,0,0,0,0,0,0,0,0,0
14,14570,6060,01346,0,0,0,0,0,0,0,0,0,0,0,0
14,14570,6061,01346,0,0,0,0,0,0,0,1,58,0,0,1
14,14570,6062,01346,10,8480,6,0,0,4,0,17,8793,11,0,6
14,14570,6063,01346,3,342,3,0,0,0,0,0,0,0,0,0
14,14570,6064,01346,59,10829,59,0,0,0,0,45,8985,45,0,0
14,14570,6065,01346,2,335,2,0,0,0,0,1,143,1,0,0
14,14570,6066,01346,0,0,0,0,0,0,0,0,0,0,0,0
14,14570,6067,01346,0,0,0,0,0,0,0,0,0,0,0,0
14,14570,6068,01346,0,0,0,0,0,0,0,0,0,0,0,0
14,14570,6069,01346,0,0,0,0,0,0,0,0,0,0,0,0
14,14570,6070,01346,0,0,0,0,0,0,0,0,0,0,0,0
14,14570,6071,01346,0,0,0,0,0,0,0,0,0,0,0,0
14,14570,6072,01346,0,0,0,0,0,0,0,0,0,0,0,0
14,14570,6073,01346,0,0,0,0,0,0,0,0,0,0,0,0
14,14570,6074,01346,0,0,0,0,0,0,0,0,0,0,0,0
14,14570,6075,01346,0,0,0,0,0,0,0,0,0,0,0,0
14,14570,6076,01346,0,0,0,0,0,0,0,0,0,0,0,0
14,14570,6077,01346,0,0,0,0,0,0,0,0,0,0,0,0
14,14570,6078,01364,0,0,0,0,0,0,0,0,0,0,0,0
14,14570,6079,01364,0,0,0,0,0,0,0,0,0,0,0,0
14,14570,6080,01364,0,0,0,0,0,0,0,0,0,0,0,0
14,14570,6081,01364,4,833,3,0,0,1,0,6,570,0,0,6
14,14570,6082,01364,0,0,0,0,0,0,0,2,84,1,0,1
14,14570,6083,01364,105,19249,105,0,0,0,0,166,21750,142,0,24
14,14570,6084,01361,1,287,1,0,0,0,0,3,471,0,1,2
14,14570,6085,01361,94,18952,93,0,0,1,0,206,38549,157,0,49
14,14570,6086,01361,480,79840,467,1,0,12,0,720,110057,567,17,136
14,14570,6087,01363,239,57030,212,10,0,17,0,216,59098,150,12,54
14,14570,6088,01361,151,16288,147,1,0,3,0,100,15101,96,4,0
14,14570,6089,01361,110,12405,109,0,0,1,0,67,10584,64,3,0
14,14570,6090,01361,99,13696,98,0,0,1,0,54,9683,49,5,0
14,14570,6091,01361,0,0,0,0,0,0,0,0,0,0,0,0
14,14570,6092,01361,0,0,0,0,0,0,0,0,0,0,0,0
14,14570,6093,01362,5,1854,4,0,0,1,0,11,2087,11,0,0
14,14570,6094,01362,119,16583,118,0,0,1,0,141,16499,135,6,0
14,14570,6095,01362,411,52632,407,0,0,4,0,357,46435,309,48,0
14,14570,6096,01362,1,27,1,0,0,0,0,1,102,0,0,1
14,14570,6097,01362,2,72,2,0,0,0,0,0,0,0,0,0
14,14570,6098,01362,0,0,0,0,0,0,0,0,0,0,0,0
14,14570,6099,01362,0,0,0,0,0,0,0,0,0,0,0,0
14,14570,6100,01362,0,0,0,0,0,0,0,0,0,0,0,0
14,14570,6101,01362,0,0,0,0,0,0,0,0,0,0,0,0
14,14570,6102,01362,0,0,0,0,0,0,0,0,0,0,0,0
14,14570,6103,01362,0,0,0,0,0,0,0,0,0,0,0,0
14,14570,6104,01362,0,0,0,0,0,0,0,0,0,0,0,0
14,14570,6105,01362,0,0,0,0,0,0,0,0,0,0,0,0
14,14570,6106,01362,0,0,0,0,0,0,0,0,0,0,0,0
14,14570,6107,01331,0,0,0,0,0,0,0,0,0,0,0,0
14,14570,6108,01331,0,0,0,0,0,0,0,0,0,0,0,0
14,14570,6109,01331,0,0,0,0,0,0,0,0,0,0,0,0
14,14570,6110,01331,0,0,0,0,0,0,0,0,0,0,0,0
14,14570,6111,01331,0,0,0,0,0,0,0,0,0,0,0,0
14,14570,6112,01331,0,0,0,0,0,0,0,1,27,0,0,1
14,14570,6113,01331,0,0,0,0,0,0,0,0,0,0,0,0
14,14570,6114,01331,0,0,0,0,0,0,0,0,0,0,0,0
14,14570,6115,01331,3,367,3,0,0,0,0,5,316,4,0,1
14,14570,6116,01331,157,16131,155,0,0,2,0,275,21730,264,0,11
14,14570,6117,01331,49,4590,49,0,0,0,0,80,6539,77,0,3
14,14571,6031,01392,9,3000,9,0,0,0,0,14,3008,9,0,5
14,14571,6032,01391,2,324,2,0,0,0,0,1,197,1,0,0
14,14571,6033,01391,2,112,2,0,0,0,0,2,36,2,0,0
14,14571,6034,01391,0,0,0,0,0,0,0,0,0,0,0,0
14,14571,6035,01391,0,0,0,0,0,0,0,0,0,0,0,0
14,14571,6036,01391,0,0,0,0,0,0,0,0,0,0,0,0
14,14571,6037,01391,0,0,0,0,0,0,0,0,0,0,0,0
14,14571,6038,01391,0,0,0,0,0,0,0,0,0,0,0,0
14,14571,6039,01391,0,0,0,0,0,0,0,0,0,0,0,0
14,14571,6040,01391,0,0,0,0,0,0,0,0,0,0,0,0
14,14571,6041,01391,0,0,0,0,0,0,0,0,0,0,0,0
14,14571,6042,01391,0,0,0,0,0,0,0,0,0,0,0,0
14,14571,6043,01391,0,0,0,0,0,0,0,0,0,0,0,0
14,14571,6044,01370,0,0,0,0,0,0,0,0,0,0,0,0
14,14571,6045,01370,0,0,0,0,0,0,0,0,0,0,0,0
14,14571,6046,01370,0,0,0,0,0,0,0,0,0,0,0,0
14,14571,6047,01370,0,0,0,0,0,0,0,0,0,0,0,0
14,14571,6048,01370,0,0,0,0,0,0,0,0,0,0,0,0
14,14571,6049,01370,0,0,0,0,0,0,0,0,0,0,0,0
14,14571,6050,01370,0,0,0,0,0,0,0,0,0,0,0,0
14,14571,6051,01370,0,0,0,0,0,0,0,0,0,0,0,0
14,14571,6052,01370,7,961,7,0,0,0,0,0,0,0,0,0
14,14571,6053,01370,13,2099,4,0,0,9,0,14,2825,14,0,0
14,14571,6054,01370,41,3885,41,0,0,0,0,50,3705,50,0,0
14,14571,6055,01370,4,456,4,0,0,0,0,4,159,4,0,0
14,14571,6056,01370,0,0,0,0,0,0,0,0,0,0,0,0
14,14571,6057,01370,0,0,0,0,0,0,0,0,0,0,0,0
14,14571,6058,01370,0,0,0,0,0,0,0,0,0,0,0,0
14,14571,6059,01346,0,0,0,0,0,0,0,0,0,0,0,0
14,14571,6060,01346,0,0,0,0,0,0,0,0,0,0,0,0
14,14571,6061,01346,0,0,0,0,0,0,0,0,0,0,0,0
14,14571,6062,01346,0,0,0,0,0,0,0,0,0,0,0,0
14,14571,6063,01346,0,0,0,0,0,0,0,0,0,0,0,0
14,14571,6064,01346,6,1042,6,0,0,0,0,0,0,0,0,0
14,14571,6065,01346,5,2040,4,0,0,1,0,0,0,0,0,0
14,14571,6066,01346,0,0,0,0,0,0,0,0,0,0,0,0
14,14571,6067,01346,0,0,0,0,0,0,0,0,0,0,0,0
14,14571,6068,01346,3,3437,2,0,0,1,0,5,10566,5,0,0
14,14571,6069,01346,0,0,0,0,0,0,0,0,0,0,0,0
14,14571,6070,01346,0,0,0,0,0,0,0,0,0,0,0,0
14,14571,6071,01346,0,0,0,0,0,0,0,0,0,0,0,0
14,14571,6072,01346,1,39,1,0,0,0,0,0,0,0,0,0
14,14571,6073,01346,0,0,0,0,0,0,0,0,0,0,0,0
14,14571,6074,01346,0,0,0,0,0,0,0,0,0,0,0,0
14,14571,6075,01346,0,0,0,0,0,0,0,0,0,0,0,0
14,14571,6076,01346,0,0,0,0,0,0,0,0,0,0,0,0
14,14571,6077,01346,0,0,0,0,0,0,0,0,0,0,0,0
14,14571,6078,01364,0,0,0,0,0,0,0,0,0,0,0,0
14,14571,6079,01364,0,0,0,0,0,0,0,0,0,0,0,0
14,14571,6080,01364,0,0,0,0,0,0,0,0,0,0,0,0
14,14571,6081,01364,0,0,0,0,0,0,0,3,163,0,0,3
14,14571,6082,01364,9,1700,9,0,0,0,0,23,3861,17,0,6
14,14571,6083,01364,55,8824,55,0,0,0,0,171,16626,132,0,39
14,14571,6084,01361,0,0,0,0,0,0,0,3,128,0,0,3
14,14571,6085,01361,55,8872,55,0,0,0,0,151,24734,95,2,54
14,14571,6086,01361,87,12239,87,0,0,0,0,316,47007,239,1,76
14,14571,6087,01363,74,11957,74,0,0,0,0,196,24273,155,1,40
14,14571,6088,01361,1,160,1,0,0,0,0,1,41,0,1,0
14,14571,6089,01361,0,0,0,0,0,0,0,0,0,0,0,0
14,14571,6090,01361,9,1428,9,0,0,0,0,0,0,0,0,0
14,14571,6091,01361,0,0,0,0,0,0,0,0,0,0,0,0
14,14571,6092,01361,0,0,0,0,0,0,0,0,0,0,0,0
14,14571,6093,01361,0,0,0,0,0,0,0,0,0,0,0,0
14,14571,6094,01362,1,390,1,0,0,0,0,5,1645,1,4,0
14,14571,6095,01362,151,15826,151,0,0,0,0,121,15240,96,25,0
14,14571,6096,01362,102,9177,102,0,0,0,0,128,11921,61,5,62
14,14571,6097,01362,0,0,0,0,0,0,0,0,0,0,0,0
14,14571,6098,01362,0,0,0,0,0,0,0,0,0,0,0,0
14,14571,6099,01362,0,0,0,0,0,0,0,0,0,0,0,0
14,14571,6100,01362,0,0,0,0,0,0,0,0,0,0,0,0
14,14571,6101,01362,0,0,0,0,0,0,0,0,0,0,0,0
14,14571,6102,01362,0,0,0,0,0,0,0,0,0,0,0,0
14,14571,6103,01362,0,0,0,0,0,0,0,0,0,0,0,0
14,14571,6104,01362,0,0,0,0,0,0,0,0,0,0,0,0
14,14571,6105,01362,0,0,0,0,0,0,0,0,0,0,0,0
14,14571,6106,01362,0,0,0,0,0,0,0,0,0,0,0,0
14,14571,6107,01332,0,0,0,0,0,0,0,0,0,0,0,0
14,14571,6108,01332,0,0,0,0,0,0,0,0,0,0,0,0
14,14571,6109,01331,0,0,0,0,0,0,0,0,0,0,0,0
14,14571,6110,01331,0,0,0,0,0,0,0,0,0,0,0,0
14,14571,6111,01332,0,0,0,0,0,0,0,0,0,0,0,0
14,14571,6112,01331,0,0,0,0,0,0,0,0,0,0,0,0
14,14571,6113,01331,0,0,0,0,0,0,0,0,0,0,0,0
14,14571,6114,01331,0,0,0,0,0,0,0,0,0,0,0,0
14,14571,6115,01331,0,0,0,0,0,0,0,0,0,0,0,0
14,14571,6116,01331,0,0,0,0,0,0,0,0,0,0,0,0
14,14571,6117,01331,241,23759,241,0,0,0,0,381,31895,358,0,23
14,14571,6118,01331,81,6528,81,0,0,0,0,152,9954,142,0,10
14,14572,6030,01392,0,0,0,0,0,0,0,0,0,0,0,0
14,14572,6031,01392,11,1654,11,0,0,0,0,25,1307,24,0,1
14,14572,6032,01392,6,914,6,0,0,0,0,11,1179,11,0,0
14,14572,6033,01391,0,0,0,0,0,0,0,0,0,0,0,0
14,14572,6034,01391,0,0,0,0,0,0,0,0,0,0,0,0
14,14572,6035,01391,0,0,0,0,0,0,0,0,0,0,0,0
14,14572,6036,01391,0,0,0,0,0,0,0,0,0,0,0,0
14,14572,6037,01391,0,0,0,0,0,0,0,0,0,0,0,0
14,14572,6038,01391,0,0,0,0,0,0,0,0,0,0,0,0
14,14572,6039,01391,0,0,0,0,0,0,0,0,0,0,0,0
14,14572,6040,01391,0,0,0,0,0,0,0,0,0,0,0,0
14,14572,6041,01391,0,0,0,0,0,0,0,0,0,0,0,0
14,14572,6042,01391,0,0,0,0,0,0,0,0,0,0,0,0
14,14572,6043,01391,0,0,0,0,0,0,0,0,0,0,0,0
14,14572,6044,01391,0,0,0,0,0,0,0,0,0,0,0,0
14,14572,6045,01347,1,138,1,0,0,0,0,0,0,0,0,0
14,14572,6046,01370,0,0,0,0,0,0,0,0,0,0,0,0
14,14572,6047,01370,0,0,0,0,0,0,0,0,0,0,0,0
14,14572,6048,01370,1,56,1,0,0,0,0,0,0,0,0,0
14,14572,6049,01370,0,0,0,0,0,0,0,0,0,0,0,0
14,14572,6050,01370,0,0,0,0,0,0,0,0,0,0,0,0
14,14572,6051,01370,0,0,0,0,0,0,0,0,0,0,0,0
14,14572,6052,01370,47,8612,47,0,0,0,0,48,6254,48,0,0
14,14572,6053,01370,22,5184,22,0,0,0,0,22,4464,22,0,0
14,14572,6054,01370,0,0,0,0,0,0,0,0,0,0,0,0
14,14572,6055,01370,0,0,0,0,0,0,0,0,0,0,0,0
14,14572,6056,01370,0,0,0,0,0,0,0,0,0,0,0,0
14,14572,6057,01370,0,0,0,0,0,0,0,0,0,0,0,0
14,14572,6058,01370,0,0,0,0,0,0,0,0,0,0,0,0
14,14572,6059,01346,0,0,0,0,0,0,0,0,0,0,0,0
14,14572,6060,01346,0,0,0,0,0,0,0,0,0,0,0,0
14,14572,6061,01346,0,0,0,0,0,0,0,0,0,0,0,0
14,14572,6062,01346,0,0,0,0,0,0,0,0,0,0,0,0
14,14572,6063,01346,0,0,0,0,0,0,0,0,0,0,0,0
14,14572,6064,01346,0,0,0,0,0,0,0,0,0,0,0,0
14,14572,6065,01346,41,14126,32,0,0,9,0,18,8273,0,18,0
14,14572,6066,01346,3,997,2,0,0,1,0,0,0,0,0,0
14,14572,6067,01346,3,397,3,0,0,0,0,1,187,1,0,0
14,14572,6068,01346,2,252,2,0,0,0,0,0,0,0,0,0
14,14572,6069,01346,0,0,0,0,0,0,0,0,0,0,0,0
14,14572,6070,01346,0,0,0,0,0,0,0,0,0,0,0,0
14,14572,6071,01346,0,0,0,0,0,0,0,0,0,0,0,0
14,14572,6072,01346,0,0,0,0,0,0,0,0,0,0,0,0
14,14572,6073,01346,0,0,0,0,0,0,0,0,0,0,0,0
14,14572,6074,01346,0,0,0,0,0,0,0,0,0,0,0,0
14,14572,6075,01346,0,0,0,0,0,0,0,0,0,0,0,0
14,14572,6076,01346,0,0,0,0,0,0,0,0,0,0,0,0
14,14572,6077,01364,0,0,0,0,0,0,0,0,0,0,0,0
14,14572,6078,01364,0,0,0,0,0,0,0,0,0,0,0,0
14,14572,6079,01364,0,0,0,0,0,0,0,0,0,0,0,0
14,14572,6080,01364,0,0,0,0,0,0,0,1,63,0,0,1
14,14572,6081,01364,11,1571,11,0,0,0,0,22,3515,8,0,14
14,14572,6082,01364,32,4851,32,0,0,0,0,90,17404,68,0,22
14,14572,6083,01364,86,13570,85,0,0,1,0,208,44240,68,0,140
14,14572,6084,01364,119,15730,119,0,0,0,0,273,30569,220,0,53
14,14572,6085,01361,79,13178,79,0,0,0,0,252,39587,130,1,121
14,14572,6086,01361,196,25817,196,0,0,0,0,480,64473,353,7,120
14,14572,6087,01363,1,459,1,0,0,0,0,11,805,2,2,7
14,14572,6088,01361,0,0,0,0,0,0,0,0,0,0,0,0
14,14572,6089,01361,1,149,1,0,0,0,0,0,0,0,0,0
14,14572,6090,01361,0,0,0,0,0,0,0,0,0,0,0,0
14,14572,6091,01361,0,0,0,0,0,0,0,0,0,0,0,0
14,14572,6092,01361,0,0,0,0,0,0,0,0,0,0,0,0
14,14572,6093,01361,0,0,0,0,0,0,0,0,0,0,0,0
14,14572,6094,01362,0,0,0,0,0,0,0,0,0,0,0,0
14,14572,6095,01362,0,0,0,0,0,0,0,0,0,0,0,0
14,14572,6096,01362,34,4246,33,0,0,1,0,36,4759,22,1,13
14,14572,6097,01362,0,0,0,0,0,0,0,0,0,0,0,0
14,14572,6098,01362,0,0,0,0,0,0,0,0,0,0,0,0
14,14572,6099,01362,0,0,0,0,0,0,0,0,0,0,0,0
14,14572,6100,01362,0,0,0,0,0,0,0,0,0,0,0,0
14,14572,6101,01362,0,0,0,0,0,0,0,0,0,0,0,0
14,14572,6102,01362,0,0,0,0,0,0,0,0,0,0,0,0
14,14572,6103,01362,0,0,0,0,0,0,0,0,0,0,0,0
14,14572,6104,01362,0,0,0,0,0,0,0,0,0,0,0,0
14,14572,6105,01332,0,0,0,0,0,0,0,0,0,0,0,0
14,14572,6106,01332,0,0,0,0,0,0,0,0,0,0,0,0
14,14572,6107,01332,0,0,0,0,0,0,0,0,0,0,0,0
14,14572,6108,01332,0,0,0,0,0,0,0,0,0,0,0,0
14,14572,6109,01332,0,0,0,0,0,0,0,0,0,0,0,0
14,14572,6110,01332,0,0,0,0,0,0,0,0,0,0,0,0
14,14572,6111,01332,0,0,0,0,0,0,0,0,0,0,0,0
14,14572,6112,01332,0,0,0,0,0,0,0,0,0,0,0,0
14,14572,6113,01332,0,0,0,0,0,0,0,0,0,0,0,0
14,14572,6114,01332,0,0,0,0,0,0,0,0,0,0,0,0
14,14572,6115,01331,0,0,0,0,0,0,0,0,0,0,0,0
14,14572,6116,01332,1,77,1,0,0,0,0,8,630,1,0,7
14,14572,6117,01331,2,127,2,0,0,0,0,6,180,6,0,0
14,14572,6118,01331,8,1539,8,0,0,0,0,21,1887,20,0,1
14,14573,6032,01392,302,58793,301,1,0,0,0,555,71376,555,0,0
14,14573,6033,01392,168,32242,167,1,0,0,0,336,43193,336,0,0
14,14573,6034,01392,0,0,0,0,0,0,0,0,0,0,0,0
14,14573,6035,01391,0,0,0,0,0,0,0,0,0,0,0,0
14,14573,6036,01393,0,0,0,0,0,0,0,0,0,0,0,0
14,14573,6037,01393,0,0,0,0,0,0,0,0,0,0,0,0
14,14573,6038,01393,0,0,0,0,0,0,0,0,0,0,0,0
14,14573,6039,01393,0,0,0,0,0,0,0,0,0,0,0,0
14,14573,6040,01393,0,0,0,0,0,0,0,0,0,0,0,0
14,14573,6041,01393,0,0,0,0,0,0,0,0,0,0,0,0
14,14573,6042,01391,0,0,0,0,0,0,0,0,0,0,0,0
14,14573,6043,01391,0,0,0,0,0,0,0,0,0,0,0,0
14,14573,6044,01393,0,0,0,0,0,0,0,0,0,0,0,0
14,14573,6045,01347,0,0,0,0,0,0,0,0,0,0,0,0
14,14573,6046,01347,0,0,0,0,0,0,0,0,0,0,0,0
14,14573,6047,01370,0,0,0,0,0,0,0,0,0,0,0,0
14,14573,6048,01370,0,0,0,0,0,0,0,0,0,0,0,0
14,14573,6049,01370,0,0,0,0,0,0,0,0,0,0,0,0
14,14573,6050,01370,0,0,0,0,0,0,0,0,0,0,0,0
14,14573,6051,01370,1,130,1,0,0,0,0,0,0,0,0,0
14,14573,6052,01347,20,3611,18,0,0,2,0,24,3652,24,0,0
14,14573,6053,01347,0,0,0,0,0,0,0,0,0,0,0,0
14,14573,6054,01347,0,0,0,0,0,0,0,0,0,0,0,0
14,14573,6055,01370,0,0,0,0,0,0,0,0,0,0,0,0
14,14573,6056,01370,0,0,0,0,0,0,0,0,0,0,0,0
14,14573,6057,01370,0,0,0,0,0,0,0,0,0,0,0,0
14,14573,6058,01346,0,0,0,0,0,0,0,0,0,0,0,0
14,14573,6059,01346,0,0,0,0,0,0,0,0,0,0,0,0
14,14573,6060,01346,0,0,0,0,0,0,0,0,0,0,0,0
14,14573,6061,01346,0,0,0,0,0,0,0,0,0,0,0,0
14,14573,6062,01346,0,0,0,0,0,0,0,0,0,0,0,0
14,14573,6063,01346,0,0,0,0,0,0,0,0,0,0,0,0
14,14573,6064,01346,0,0,0,0,0,0,0,0,0,0,0,0
14,14573,6065,01346,51,6079,47,0,0,4,0,50,12811,42,8,0
14,14573,6066,01346,9,2233,8,0,0,1,0,10,1317,10,0,0
14,14573,6067,01346,12,1930,12,0,0,0,0,14,1571,14,0,0
14,14573,6068,01346,12,2737,12,0,0,0,0,21,2541,21,0,0
14,14573,6069,01346,1,145,1,0,0,0,0,0,0,0,0,0
14,14573,6070,01346,0,0,0,0,0,0,0,0,0,0,0,0
14,14573,6071,01346,0,0,0,0,0,0,0,0,0,0,0,0
14,14573,6072,01346,0,0,0,0,0,0,0,0,0,0,0,0
14,14573,6073,01346,0,0,0,0,0,0,0,0,0,0,0,0
14,14573,6074,01346,0,0,0,0,0,0,0,0,0,0,0,0
14,14573,6075,01346,0,0,0,0,0,0,0,0,0,0,0,0
14,14573,6076,01364,0,0,0,0,0,0,0,0,0,0,0,0
14,14573,6077,01364,0,0,0,0,0,0,0,0,0,0,0,0
14,14573,6078,01364,0,0,0,0,0,0,0,0,0,0,0,0
14,14573,6079,01364,0,0,0,0,0,0,0,0,0,0,0,0
14,14573,6080,01364,0,0,0,0,0,0,0,0,0,0,0,0
14,14573,6081,01364,0,0,0,0,0,0,0,0,0,0,0,0
14,14573,6082,01364,19,2871,19,0,0,0,0,36,6562,25,0,11
14,14573,6083,01364,8,1078,8,0,0,0,0,12,1278,6,0,6
14,14573,6084,01361,4,596,4,0,0,0,0,3,331,2,0,1
14,14573,6085,01361,1,85,1,0,0,0,0,1,211,1,0,0
14,14573,6086,01363,578,104962,575,1,0,2,0,991,150590,814,30,147
14,14573,6087,01363,201,35066,200,0,0,1,0,281,41282,220,13,48
14,14573,6088,01363,0,0,0,0,0,0,0,0,0,0,0,0
14,14573,6089,01361,0,0,0,0,0,0,0,0,0,0,0,0
14,14573,6090,01363,1,166,1,0,0,0,0,0,0,0,0,0
14,14573,6091,01362,0,0,0,0,0,0,0,0,0,0,0,0
14,14573,6092,01361,0,0,0,0,0,0,0,0,0,0,0,0
14,14573,6093,01362,0,0,0,0,0,0,0,0,0,0,0,0
14,14573,6094,01362,0,0,0,0,0,0,0,0,0,0,0,0
14,14573,6095,01362,0,0,0,0,0,0,0,0,0,0,0,0
14,14573,6096,01362,0,0,0,0,0,0,0,0,0,0,0,0
14,14573,6097,01362,0,0,0,0,0,0,0,0,0,0,0,0
14,14573,6098,01362,0,0,0,0,0,0,0,0,0,0,0,0
14,14573,6099,01362,0,0,0,0,0,0,0,0,0,0,0,0
14,14573,6100,01362,0,0,0,0,0,0,0,0,0,0,0,0
14,14573,6101,01362,0,0,0,0,0,0,0,0,0,0,0,0
14,14573,6102,01362,0,0,0,0,0,0,0,0,0,0,0,0
14,14573,6103,01362,0,0,0,0,0,0,0,0,0,0,0,0
14,14573,6104,01362,0,0,0,0,0,0,0,0,0,0,0,0
14,14573,6105,01333,0,0,0,0,0,0,0,0,0,0,0,0
14,14573,6106,01333,0,0,0,0,0,0,0,0,0,0,0,0
14,14573,6107,01332,0,0,0,0,0,0,0,0,0,0,0,0
14,14573,6108,01332,0,0,0,0,0,0,0,0,0,0,0,0
14,14573,6109,01332,0,0,0,0,0,0,0,1,18,0,0,1
14,14573,6110,01332,0,0,0,0,0,0,0,0,0,0,0,0
14,14573,6111,01332,0,0,0,0,0,0,0,0,0,0,0,0
14,14573,6112,01332,0,0,0,0,0,0,0,0,0,0,0,0
14,14573,6113,01332,0,0,0,0,0,0,0,0,0,0,0,0
14,14573,6114,01332,0,0,0,0,0,0,0,0,0,0,0,0
14,14573,6115,01332,95,8615,89,0,0,6,0,72,8204,68,0,4
14,14573,6116,01332,326,20687,325,0,0,1,0,248,21230,239,0,9
14,14573,6117,01332,83,4629,83,0,0,0,0,60,4479,60,0,0
14,14573,6118,01332,0,0,0,0,0,0,0,0,0,0,0,0
14,14574,6032,01392,38,12711,37,0,0,1,0,57,15113,57,0,0
14,14574,6033,01392,332,73005,331,1,0,0,0,579,91443,579,0,0
14,14574,6034,01392,49,7402,49,0,0,0,0,102,9947,102,0,0
14,14574,6035,01392,1,214,1,0,0,0,0,0,0,0,0,0
14,14574,6036,01392,0,0,0,0,0,0,0,0,0,0,0,0
14,14574,6037,01393,0,0,0,0,0,0,0,0,0,0,0,0
14,14574,6038,01393,0,0,0,0,0,0,0,0,0,0,0,0
14,14574,6039,01393,0,0,0,0,0,0,0,0,0,0,0,0
14,14574,6040,01393,0,0,0,0,0,0,0,0,0,0,0,0
14,14574,6041,01393,0,0,0,0,0,0,0,0,0,0,0,0
14,14574,6042,01393,0,0,0,0,0,0,0,0,0,0,0,0
14,14574,6043,01393,0,0,0,0,0,0,0,0,0,0,0,0
14,14574,6044,01393,0,0,0,0,0,0,0,0,0,0,0,0
14,14574,6045,01347,0,0,0,0,0,0,0,0,0,0,0,0
14,14574,6046,01347,5,1558,5,0,0,0,0,2,1828,2,0,0
14,14574,6047,01370,0,0,0,0,0,0,0,0,0,0,0,0
14,14574,6048,01370,0,0,0,0,0,0,0,2,129,2,0,0
14,14574,6049,01370,1,147,1,0,0,0,0,1,131,1,0,0
14,14574,6050,01347,0,0,0,0,0,0,0,0,0,0,0,0
14,14574,6051,01347,0,0,0,0,0,0,0,0,0,0,0,0
14,14574,6052,01347,0,0,0,0,0,0,0,0,0,0,0,0
14,14574,6053,01347,1,119,1,0,0,0,0,0,0,0,0,0
14,14574,6054,01347,0,0,0,0,0,0,0,0,0,0,0,0
14,14574,6055,01347,0,0,0,0,0,0,0,0,0,0,0,0
14,14574,6056,01347,0,0,0,0,0,0,0,0,0,0,0,0
14,14574,6057,01347,0,0,0,0,0,0,0,0,0,0,0,0
14,14574,6058,01347,1,137,1,0,0,0,0,0,0,0,0,0
14,14574,6059,01346,0,0,0,0,0,0,0,1,65,0,0,1
14,14574,6060,01346,0,0,0,0,0,0,0,0,0,0,0,0
14,14574,6061,01346,0,0,0,0,0,0,0,0,0,0,0,0
14,14574,6062,01346,11,2377,11,0,0,0,0,15,3174,0,1,14
14,14574,6063,01346,18,3767,18,0,0,0,0,17,2396,8,1,8
14,14574,6064,01346,63,18184,55,0,0,8,0,88,18029,77,11,0
14,14574,6065,01346,207,29515,205,0,0,2,0,178,33396,176,2,0
14,14574,6066,01346,165,31786,163,0,0,2,0,172,38559,168,4,0
14,14574,6067,01346,112,17768,112,0,0,0,0,134,19198,134,0,0
14,14574,6068,01346,39,7546,39,0,0,0,0,63,8978,62,1,0
14,14574,6069,01346,28,6408,28,0,0,0,0,30,5043,30,0,0
14,14574,6070,01346,1,120,1,0,0,0,0,0,0,0,0,0
14,14574,6071,01346,0,0,0,0,0,0,0,0,0,0,0,0
14,14574,6072,01346,0,0,0,0,0,0,0,0,0,0,0,0
14,14574,6073,01346,0,0,0,0,0,0,0,0,0,0,0,0
14,14574,6074,01346,0,0,0,0,0,0,0,0,0,0,0,0
14,14574,6075,01346,0,0,0,0,0,0,0,0,0,0,0,0
14,14574,6076,01346,0,0,0,0,0,0,0,0,0,0,0,0
14,14574,6077,01346,0,0,0,0,0,0,0,0,0,0,0,0
14,14574,6078,01364,0,0,0,0,0,0,0,0,0,0,0,0
14,14574,6079,01364,0,0,0,0,0,0,0,0,0,0,0,0
14,14574,6080,01364,1,148,1,0,0,0,0,0,0,0,0,0
14,14574,6081,01364,0,0,0,0,0,0,0,0,0,0,0,0
14,14574,6082,01364,0,0,0,0,0,0,0,0,0,0,0,0
14,14574,6083,01364,0,0,0,0,0,0,0,0,0,0,0,0
14,14574,6084,01361,0,0,0,0,0,0,0,0,0,0,0,0
14,14574,6085,01363,86,12612,86,0,0,0,0,195,22241,167,0,28
14,14574,6086,01363,96,15891,96,0,0,0,0,226,34114,170,9,47
14,14574,6087,01363,44,21699,44,0,0,0,0,86,27019,56,7,23
14,14574,6088,01363,0,0,0,0,0,0,0,0,0,0,0,0
14,14574,6089,01363,0,0,0,0,0,0,0,0,0,0,0,0
14,14574,6090,01363,0,0,0,0,0,0,0,0,0,0,0,0
14,14574,6091,01362,0,0,0,0,0,0,0,0,0,0,0,0
14,14574,6092,01362,0,0,0,0,0,0,0,0,0,0,0,0
14,14574,6093,01362,0,0,0,0,0,0,0,0,0,0,0,0
14,14574,6094,01362,2,214,2,0,0,0,0,0,0,0,0,0
14,14574,6095,01362,0,0,0,0,0,0,0,0,0,0,0,0
14,14574,6096,01362,0,0,0,0,0,0,0,0,0,0,0,0
14,14574,6097,01362,226,24287,224,0,0,2,0,373,33309,297,1,75
14,14574,6098,01362,3,172,3,0,0,0,0,8,321,4,0,4
14,14574,6099,01362,1,98,1,0,0,0,0,9,1010,7,0,2
14,14574,6100,01362,0,0,0,0,0,0,0,0,0,0,0,0
14,14574,6101,01362,0,0,0,0,0,0,0,0,0,0,0,0
14,14574,6102,01362,0,0,0,0,0,0,0,1,133,0,0,1
14,14574,6103,01362,0,0,0,0,0,0,0,0,0,0,0,0
14,14574,6104,01333,0,0,0,0,0,0,0,0,0,0,0,0
14,14574,6105,01333,0,0,0,0,0,0,0,0,0,0,0,0
14,14574,6106,01333,0,0,0,0,0,0,0,0,0,0,0,0
14,14574,6107,01332,0,0,0,0,0,0,0,0,0,0,0,0
14,14574,6108,01332,0,0,0,0,0,0,0,0,0,0,0,0
14,14574,6109,01332,0,0,0,0,0,0,0,0,0,0,0,0
14,14574,6110,01332,0,0,0,0,0,0,0,0,0,0,0,0
14,14574,6111,01332,100,6172,98,0,0,2,0,98,8009,85,0,13
14,14574,6112,01332,262,19138,258,0,0,4,0,235,22361,205,0,30
14,14574,6113,01332,136,9048,130,2,0,4,0,122,14326,98,0,24
14,14574,6114,01332,474,34346,468,0,0,6,0,376,32981,344,0,32
14,14574,6115,01332,782,58498,769,2,0,11,0,635,58364,609,0,26
14,14574,6116,01332,264,18602,263,0,0,1,0,230,18191,222,0,8
14,14575,6034,01392,34,5985,34,0,0,0,0,54,5402,54,0,0
14,14575,6035,01392,21,7127,19,0,0,2,0,31,7210,31,0,0
14,14575,6036,01392,0,0,0,0,0,0,0,0,0,0,0,0
14,14575,6037,01393,24,37073,8,0,0,16,0,36,33632,36,0,0
14,14575,6038,01393,10,1646,10,0,0,0,0,8,1024,8,0,0
14,14575,6039,01393,26,4190,26,0,0,0,0,30,4182,30,0,0
14,14575,6040,01393,4,797,4,0,0,0,0,10,1326,10,0,0
14,14575,6041,01393,0,0,0,0,0,0,0,0,0,0,0,0
14,14575,6042,01393,0,0,0,0,0,0,0,0,0,0,0,0
14,14575,6043,01393,0,0,0,0,0,0,0,0,0,0,0,0
14,14575,6044,01393,0,0,0,0,0,0,0,0,0,0,0,0
14,14575,6045,01347,0,0,0,0,0,0,0,0,0,0,0,0
14,14575,6046,01347,0,0,0,0,0,0,0,0,0,0,0,0
14,14575,6047,01347,0,0,0,0,0,0,0,0,0,0,0,0
14,14575,6048,01370,2,273,2,0,0,0,0,3,286,3,0,0
14,14575,6049,01347,0,0,0,0,0,0,0,0,0,0,0,0
14,14575,6050,01347,0,0,0,0,0,0,0,0,0,0,0,0
14,14575,6051,01347,0,0,0,0,0,0,0,0,0,0,0,0
14,14575,6052,01347,0,0,0,0,0,0,0,0,0,0,0,0
14,14575,6053,01347,23,4114,23,0,0,0,0,5,175,0,5,0
14,14575,6054,01347,0,0,0,0,0,0,0,0,0,0,0,0
14,14575,6055,01347,0,0,0,0,0,0,0,0,0,0,0,0
14,14575,6056,01347,1,192,1,0,0,0,0,0,0,0,0,0
14,14575,6057,01347,0,0,0,0,0,0,0,0,0,0,0,0
14,14575,6058,01347,2,293,2,0,0,0,0,3,373,0,1,2
14,14575,6059,01346,3,520,3,0,0,0,0,5,266,0,0,5
14,14575,6060,01346,4,2081,4,0,0,0,0,4,1414,0,0,4
14,14575,6061,01346,19,3396,19,0,0,0,0,33,5077,0,0,33
14,14575,6062,01346,123,25876,120,0,0,3,0,164,27398,18,0,146
14,14575,6063,01346,3,407,3,0,0,0,0,15,1063,10,0,5
14,14575,6064,01346,109,16117,107,2,0,0,0,117,18464,111,6,0
14,14575,6065,01346,825,86795,811,3,0,11,0,596,91639,589,7,0
14,14575,6066,01346,4143,358111,4045,41,0,57,0,3396,375746,3357,39,0
14,14575,6067,01346,147,36368,141,0,0,6,0,158,35137,147,11,0
14,14575,6068,01346,69,13532,69,0,0,0,0,124,22670,112,12,0
14,14575,6069,01346,11,3517,10,0,0,1,0,11,2187,11,0,0
14,14575,6070,01346,0,0,0,0,0,0,0,0,0,0,0,0
14,14575,6071,01346,0,0,0,0,0,0,0,0,0,0,0,0
14,14575,6072,01346,0,0,0,0,0,0,0,0,0,0,0,0
14,14575,6073,01346,0,0,0,0,0,0,0,0,0,0,0,0
14,14575,6074,01346,0,0,0,0,0,0,0,0,0,0,0,0
14,14575,6075,01346,0,0,0,0,0,0,0,0,0,0,0,0
14,14575,6076,01346,0,0,0,0,0,0,0,0,0,0,0,0
14,14575,6077,01346,0,0,0,0,0,0,0,0,0,0,0,0
14,14575,6078,01364,0,0,0,0,0,0,0,0,0,0,0,0
14,14575,6079,01364,0,0,0,0,0,0,0,0,0,0,0,0
14,14575,6080,01364,0,0,0,0,0,0,0,0,0,0,0,0
14,14575,6081,01364,0,0,0,0,0,0,0,0,0,0,0,0
14,14575,6082,01364,0,0,0,0,0,0,0,0,0,0,0,0
14,14575,6083,01363,0,0,0,0,0,0,0,0,0,0,0,0
14,14575,6084,01363,40,21006,30,0,0,10,0,94,31582,73,0,21
14,14575,6085,01363,29,4511,29,0,0,0,0,62,7541,51,0,11
14,14575,6086,01363,2,304,2,0,0,0,0,0,0,0,0,0
14,14575,6087,01363,3,573,3,0,0,0,0,10,411,7,0,3
14,14575,6088,01363,0,0,0,0,0,0,0,0,0,0,0,0
14,14575,6089,01363,0,0,0,0,0,0,0,0,0,0,0,0
14,14575,6090,01363,0,0,0,0,0,0,0,0,0,0,0,0
14,14575,6091,01363,0,0,0,0,0,0,0,0,0,0,0,0
14,14575,6092,01362,0,0,0,0,0,0,0,0,0,0,0,0
14,14575,6093,01362,0,0,0,0,0,0,0,0,0,0,0,0
14,14575,6094,01362,0,0,0,0,0,0,0,0,0,0,0,0
14,14575,6095,01362,0,0,0,0,0,0,0,0,0,0,0,0
14,14575,6096,01362,0,0,0,0,0,0,0,0,0,0,0,0
14,14575,6097,01362,63,7243,63,0,0,0,0,83,9064,70,0,13
14,14575,6098,01362,28,2024,28,0,0,0,0,33,2038,33,0,0
14,14575,6099,01362,5,561,5,0,0,0,0,6,373,4,0,2
14,14575,6100,01362,0,0,0,0,0,0,0,0,0,0,0,0
14,14575,6101,01362,0,0,0,0,0,0,0,0,0,0,0,0
14,14575,6102,01362,0,0,0,0,0,0,0,0,0,0,0,0
14,14575,6103,01333,0,0,0,0,0,0,0,0,0,0,0,0
14,14575,6104,01333,0,0,0,0,0,0,0,0,0,0,0,0
14,14575,6105,01333,0,0,0,0,0,0,0,0,0,0,0,0
14,14575,6106,01333,0,0,0,0,0,0,0,0,0,0,0,0
14,14575,6107,01333,0,0,0,0,0,0,0,0,0,0,0,0
14,14575,6108,01332,21,2859,21,0,0,0,0,41,5364,29,0,12
14,14575,6109,01332,62,5486,62,0,0,0,0,133,11251,74,0,59
14,14575,6110,01332,0,0,0,0,0,0,0,0,0,0,0,0
14,14575,6111,01332,0,0,0,0,0,0,0,0,0,0,0,0
14,14575,6112,01332,113,10881,110,0,0,3,0,84,11595,75,0,9
14,14575,6113,01332,2428,210513,2390,12,0,26,0,2177,205846,2146,0,31
14,14575,6114,01332,325,20422,324,1,0,0,0,278,19793,267,0,11
14,14576,6034,01392,3,813,3,0,0,0,0,8,1111,8,0,0
14,14576,6035,01392,157,30832,157,0,0,0,0,220,28725,220,0,0
14,14576,6036,01392,17,3281,17,0,0,0,0,8,641,8,0,0
14,14576,6037,01393,6,4057,4,0,0,2,0,3,2162,3,0,0
14,14576,6038,01393,56,12262,56,0,0,0,0,78,12731,78,0,0
14,14576,6039,01393,42,7954,42,0,0,0,0,35,5110,35,0,0
14,14576,6040,01393,61,11513,61,0,0,0,0,80,9951,72,0,8
14,14576,6041,01393,38,10395,36,0,0,2,0,25,3730,16,0,9
14,14576,6042,01393,7,1047,7,0,0,0,0,3,546,3,0,0
14,14576,6043,01393,0,0,0,0,0,0,0,1,52,0,0,1
14,14576,6044,01347,0,0,0,0,0,0,0,1,39,0,0,1
14,14576,6045,01347,0,0,0,0,0,0,0,0,0,0,0,0
14,14576,6046,01347,0,0,0,0,0,0,0,3,167,0,0,3
14,14576,6047,01347,0,0,0,0,0,0,0,0,0,0,0,0
14,14576,6048,01347,0,0,0,0,0,0,0,0,0,0,0,0
14,14576,6049,01347,0,0,0,0,0,0,0,0,0,0,0,0
14,14576,6050,01347,0,0,0,0,0,0,0,0,0,0,0,0
14,14576,6051,01347,0,0,0,0,0,0,0,0,0,0,0,0
14,14576,6052,01347,0,0,0,0,0,0,0,0,0,0,0,0
14,14576,6053,01347,12,1845,12,0,0,0,0,13,7202,0,13,0
14,14576,6054,01347,6,1798,6,0,0,0,0,2,613,0,2,0
14,14576,6055,01347,0,0,0,0,0,0,0,0,0,0,0,0
14,14576,6056,01347,6,889,6,0,0,0,0,13,1355,13,0,0
14,14576,6057,01347,26,4429,26,0,0,0,0,38,6180,38,0,0
14,14576,6058,01347,33,6822,33,0,0,0,0,71,19134,27,3,41
14,14576,6059,01346,385,32324,374,0,0,11,0,424,31944,301,0,123
14,14576,6060,01346,18,2667,18,0,0,0,0,20,1538,10,1,9
14,14576,6061,01346,16,3500,16,0,0,0,0,28,3284,0,1,27
14,14576,6062,01346,86,12441,86,0,0,0,0,125,10720,83,0,42
14,14576,6063,01346,39,8102,39,0,0,0,0,115,9207,88,0,27
14,14576,6064,01346,179,16475,178,0,0,1,0,136,16322,131,5,0
14,14576,6065,01346,424,28658,421,1,0,2,0,329,29342,328,1,0
14,14576,6066,01346,2751,281541,2694,24,0,32,1,2120,283146,2094,26,0
14,14576,6067,01346,272,26266,256,1,0,15,0,192,25765,186,6,0
14,14576,6068,01346,48,8147,48,0,0,0,0,63,9610,63,0,0
14,14576,6069,01346,0,0,0,0,0,0,0,0,0,0,0,0
14,14576,6070,01346,0,0,0,0,0,0,0,0,0,0,0,0
14,14576,6071,01346,0,0,0,0,0,0,0,0,0,0,0,0
14,14576,6072,01346,7,1465,7,0,0,0,0,4,1098,1,3,0
14,14576,6073,01346,5,1121,5,0,0,0,0,3,326,0,3,0
14,14576,6074,01346,31,9396,26,0,0,5,0,7,560,0,7,0
14,14576,6075,01346,0,0,0,0,0,0,0,0,0,0,0,0
14,14576,6076,01346,0,0,0,0,0,0,0,0,0,0,0,0
14,14576,6077,01346,0,0,0,0,0,0,0,0,0,0,0,0
14,14576,6078,01346,0,0,0,0,0,0,0,0,0,0,0,0
14,14576,6079,01363,1,209,1,0,0,0,0,1,292,1,0,0
14,14576,6080,01363,0,0,0,0,0,0,0,0,0,0,0,0
14,14576,6081,01363,0,0,0,0,0,0,0,0,0,0,0,0
14,14576,6082,01363,0,0,0,0,0,0,0,0,0,0,0,0
14,14576,6083,01363,5,679,5,0,0,0,0,9,649,4,0,5
14,14576,6084,01363,2,345,2,0,0,0,0,0,0,0,0,0
14,14576,6085,01363,0,0,0,0,0,0,0,1,53,0,0,1
14,14576,6086,01363,79,19497,78,0,0,1,0,164,40991,151,0,13
14,14576,6087,01363,62,9273,62,0,0,0,0,131,17421,107,0,24
14,14576,6088,01363,75,12892,75,0,0,0,0,130,18967,114,0,16
14,14576,6089,01363,0,0,0,0,0,0,0,0,0,0,0,0
14,14576,6090,01363,0,0,0,0,0,0,0,0,0,0,0,0
14,14576,6091,01363,0,0,0,0,0,0,0,0,0,0,0,0
14,14576,6092,01362,0,0,0,0,0,0,0,0,0,0,0,0
14,14576,6093,01362,0,0,0,0,0,0,0,0,0,0,0,0
14,14576,6094,01362,0,0,0,0,0,0,0,0,0,0,0,0
14,14576,6095,01362,0,0,0,0,0,0,0,0,0,0,0,0
14,14576,6096,01362,2,190,2,0,0,0,0,0,0,0,0,0
14,14576,6097,01362,7,584,7,0,0,0,0,8,439,8,0,0
14,14576,6098,01362,8,1654,8,0,0,0,0,11,1668,10,0,1
14,14576,6099,01362,0,0,0,0,0,0,0,0,0,0,0,0
14,14576,6100,01362,0,0,0,0,0,0,0,0,0,0,0,0
14,14576,6101,01362,0,0,0,0,0,0,0,0,0,0,0,0
14,14576,6102,01334,0,0,0,0,0,0,0,0,0,0,0,0
14,14576,6103,01333,0,0,0,0,0,0,0,0,0,0,0,0
14,14576,6104,01333,0,0,0,0,0,0,0,0,0,0,0,0
14,14576,6105,01333,0,0,0,0,0,0,0,0,0,0,0,0
14,14576,6106,01333,12,2335,12,0,0,0,0,7,2051,7,0,0
14,14576,6107,01333,5,4592,5,0,0,0,0,7,3315,7,0,0
14,14576,6108,01332,65,20871,63,0,0,2,0,76,20307,76,0,0
14,14576,6109,01332,0,0,0,0,0,0,0,0,0,0,0,0
14,14576,6110,01332,0,0,0,0,0,0,0,0,0,0,0,0
14,14576,6111,01332,0,0,0,0,0,0,0,0,0,0,0,0
14,14576,6112,01332,5,296,5,0,0,0,0,4,119,4,0,0
14,14576,6113,01332,93,5518,91,0,0,2,0,92,5395,92,0,0
14,14577,6030,01392,41,5866,41,0,0,0,0,0,0,0,0,0
14,14577,6031,01392,37,6545,37,0,0,0,0,0,0,0,0,0
14,14577,6032,01392,18,2951,18,0,0,0,0,0,0,0,0,0
14,14577,6033,01392,50,9795,49,0,0,1,0,14,2898,14,0,0
14,14577,6034,01392,143,32797,143,0,0,0,0,149,31488,149,0,0
14,14577,6035,01393,26,6440,26,0,0,0,0,37,6234,37,0,0
14,14577,6036,01393,63,14413,63,0,0,0,0,90,14066,90,0,0
14,14577,6037,01393,16,2827,16,0,0,0,0,18,5195,18,0,0
14,14577,6038,01393,45,14103,45,0,0,0,0,55,10775,55,0,0
14,14577,6039,01393,69,13000,69,0,0,0,0,53,7201,53,0,0
14,14577,6040,01393,444,71522,441,3,0,0,0,702,80506,631,0,71
14,14577,6041,01393,301,86435,299,0,0,2,0,631,94646,603,0,28
14,14577,6042,01393,16,5370,16,0,0,0,0,25,2954,8,0,17
14,14577,6043,01393,15,2561,15,0,0,0,0,14,1382,14,0,0
14,14577,6044,01347,7,1012,7,0,0,0,0,3,165,2,0,1
14,14577,6045,01347,34,6449,34,0,0,0,0,51,8438,25,1,25
14,14577,6046,01347,32,5015,30,0,0,2,0,39,3266,6,0,33
14,14577,6047,01347,0,0,0,0,0,0,0,0,0,0,0,0
14,14577,6048,01347,0,0,0,0,0,0,0,0,0,0,0,0
14,14577,6049,01347,0,0,0,0,0,0,0,0,0,0,0,0
14,14577,6050,01347,0,0,0,0,0,0,0,0,0,0,0,0
14,14577,6051,01347,0,0,0,0,0,0,0,0,0,0,0,0
14,14577,6052,01347,0,0,0,0,0,0,0,0,0,0,0,0
14,14577,6053,01347,0,0,0,0,0,0,0,0,0,0,0,0
14,14577,6054,01347,31,4044,30,0,0,1,0,39,2928,39,0,0
14,14577,6055,01347,36,6252,33,0,0,3,0,40,5790,40,0,0
14,14577,6056,01347,26,4470,25,0,0,1,0,31,3684,14,0,17
14,14577,6057,01347,26,3856,26,0,0,0,0,28,2611,19,0,9
14,14577,6058,01347,6,1770,6,0,0,0,0,5,1271,5,0,0
14,14577,6059,01346,0,0,0,0,0,0,0,0,0,0,0,0
14,14577,6067,01346,363,33820,346,4,0,13,0,213,31656,206,7,0
14,14577,6068,01346,65,10414,52,0,0,13,0,60,9054,59,1,0
14,14577,6069,01346,1,138,1,0,0,0,0,2,115,2,0,0
14,14577,6070,01346,0,0,0,0,0,0,0,0,0,0,0,0
14,14577,6071,01346,6,810,6,0,0,0,0,0,0,0,0,0
14,14577,6072,01346,0,0,0,0,0,0,0,0,0,0,0,0
14,14577,6073,01346,0,0,0,0,0,0,0,0,0,0,0,0
14,14577,6074,01346,0,0,0,0,0,0,0,0,0,0,0,0
14,14577,6075,01346,0,0,0,0,0,0,0,0,0,0,0,0
14,14577,6076,01346,0,0,0,0,0,0,0,0,0,0,0,0
14,14577,6077,01346,0,0,0,0,0,0,0,0,0,0,0,0
14,14577,6078,01346,0,0,0,0,0,0,0,0,0,0,0,0
14,14577,6079,01363,1,196,1,0,0,0,0,0,0,0,0,0
14,14577,6080,01363,0,0,0,0,0,0,0,0,0,0,0,0
14,14577,6081,01363,0,0,0,0,0,0,0,0,0,0,0,0
14,14577,6082,01363,23,3511,23,0,0,0,0,36,5730,34,0,2
14,14577,6083,01363,3,470,3,0,0,0,0,3,721,3,0,0
14,14577,6084,01363,0,0,0,0,0,0,0,0,0,0,0,0
14,14577,6085,01363,14,3069,14,0,0,0,0,21,4217,20,0,1
14,14577,6086,01363,58,13067,52,0,0,6,0,139,33741,109,0,30
14,14577,6087,01363,20,3159,20,0,0,0,0,48,7510,44,0,4
14,14577,6088,01363,92,22866,90,0,0,2,0,171,27528,158,0,13
14,14577,6089,01363,0,0,0,0,0,0,0,0,0,0,0,0
14,14577,6090,01363,0,0,0,0,0,0,0,0,0,0,0,0
14,14577,6091,01363,0,0,0,0,0,0,0,0,0,0,0,0
14,14577,6092,01363,1,147,1,0,0,0,0,0,0,0,0,0
14,14577,6093,01362,0,0,0,0,0,0,0,0,0,0,0,0
14,14577,6094,01362,0,0,0,0,0,0,0,0,0,0,0,0
14,14577,6095,01362,0,0,0,0,0,0,0,0,0,0,0,0
14,14577,6096,01362,0,0,0,0,0,0,0,0,0,0,0,0
14,14577,6097,01362,0,0,0,0,0,0,0,2,229,2,0,0
14,14577,6098,01362,0,0,0,0,0,0,0,0,0,0,0,0
14,14577,6099,01334,0,0,0,0,0,0,0,0,0,0,0,0
14,14577,6100,01334,0,0,0,0,0,0,0,0,0,0,0,0
14,14577,6101,01334,0,0,0,0,0,0,0,0,0,0,0,0
14,14577,6102,01334,0,0,0,0,0,0,0,0,0,0,0,0
14,14577,6103,01333,0,0,0,0,0,0,0,0,0,0,0,0
14,14577,6104,01333,0,0,0,0,0,0,0,0,0,0,0,0
14,14577,6105,01333,3,464,3,0,0,0,0,2,414,2,0,0
14,14577,6106,01333,145,22335,145,0,0,0,0,207,24624,207,0,0
14,14577,6107,01333,11,6832,10,1,0,0,0,14,6988,14,0,0
14,14577,6108,01332,1,69,1,0,0,0,0,0,0,0,0,0
14,14577,6109,01332,0,0,0,0,0,0,0,0,0,0,0,0
14,14577,6110,01332,0,0,0,0,0,0,0,0,0,0,0,0
14,14577,6111,01332,0,0,0,0,0,0,0,0,0,0,0,0
14,14577,6112,01332,8,845,8,0,0,0,0,7,680,7,0,0
14,14577,6113,01332,25,1253,23,0,0,2,0,25,1254,25,0,0
14,14578,6002,01404,0,0,0,0,0,0,0,0,0,0,0,0
14,14578,6003,01404,0,0,0,0,0,0,0,0,0,0,0,0
14,14578,6004,01404,5,2208,5,0,0,0,0,5,1779,5,0,0
14,14578,6005,01404,5,805,5,0,0,0,0,16,675,16,0,0
14,14578,6006,01404,27,4990,27,0,0,0,0,89,6748,89,0,0
14,14578,6007,01404,0,0,0,0,0,0,0,0,0,0,0,0
14,14578,6029,01392,41,6846,41,0,0,0,0,0,0,0,0,0
14,14578,6030,01392,48,11454,48,0,0,0,0,2,3854,2,0,0
14,14578,6031,01392,0,0,0,0,0,0,0,0,0,0,0,0
14,14578,6032,01392,0,0,0,0,0,0,0,0,0,0,0,0
14,14578,6033,01392,0,0,0,0,0,0,0,0,0,0,0,0
14,14578,6034,01392,0,0,0,0,0,0,0,0,0,0,0,0
14,14578,6035,01393,0,0,0,0,0,0,0,0,0,0,0,0
14,14578,6036,01393,0,0,0,0,0,0,0,0,0,0,0,0
14,14578,6037,01393,0,0,0,0,0,0,0,0,0,0,0,0
14,14578,6038,01393,21,4414,21,0,0,0,0,0,0,0,0,0
14,14578,6039,01393,18,3200,18,0,0,0,0,0,0,0,0,0
14,14578,6040,01393,16,3304,16,0,0,0,0,16,2514,2,0,14
14,14578,6041,01393,24,5241,23,0,0,1,0,30,4037,3,0,27
14,14578,6042,01393,5,905,5,0,0,0,0,3,258,3,0,0
14,14578,6043,01393,47,9068,47,0,0,0,0,63,9748,54,0,9
14,14578,6044,01347,16,3692,15,0,0,1,0,25,4941,19,1,5
14,14578,6045,01347,0,0,0,0,0,0,0,0,0,0,0,0
14,14578,6046,01347,108,10764,108,0,0,0,0,145,13889,119,1,25
14,14578,6047,01347,30,10315,30,0,0,0,0,58,14416,37,3,18
14,14578,6048,01347,0,0,0,0,0,0,0,0,0,0,0,0
14,14578,6049,01347,0,0,0,0,0,0,0,0,0,0,0,0
14,14578,6050,01347,2,56,2,0,0,0,0,0,0,0,0,0
14,14578,6051,01347,23,1621,23,0,0,0,0,13,971,13,0,0
14,14578,6052,01347,3,405,3,0,0,0,0,0,0,0,0,0
14,14578,6053,01347,25,4206,25,0,0,0,0,16,1242,15,1,0
14,14578,6054,01347,92,17418,91,0,0,1,0,79,14902,77,2,0
14,14578,6055,01347,437,36834,405,0,0,32,0,468,41205,465,3,0
14,14578,6056,01347,0,0,0,0,0,0,0,0,0,0,0,0
14,14578,6067,01346,229,19451,221,4,0,4,0,111,14666,99,12,0
14,14578,6068,01346,165,13901,160,2,0,3,0,48,5936,32,16,0
14,14578,6069,01346,0,0,0,0,0,0,0,0,0,0,0,0
14,14578,6070,01346,0,0,0,0,0,0,0,0,0,0,0,0
14,14578,6071,01346,17,7358,13,0,0,4,0,18,5927,0,18,0
14,14578,6072,01346,0,0,0,0,0,0,0,0,0,0,0,0
14,14578,6073,01346,0,0,0,0,0,0,0,0,0,0,0,0
14,14578,6074,01346,0,0,0,0,0,0,0,0,0,0,0,0
14,14578,6075,01346,0,0,0,0,0,0,0,0,0,0,0,0
14,14578,6076,01346,1,140,1,0,0,0,0,0,0,0,0,0
14,14578,6077,01346,0,0,0,0,0,0,0,0,0,0,0,0
14,14578,6078,01346,0,0,0,0,0,0,0,0,0,0,0,0
14,14578,6079,01363,0,0,0,0,0,0,0,0,0,0,0,0
14,14578,6080,01363,0,0,0,0,0,0,0,0,0,0,0,0
14,14578,6081,01363,0,0,0,0,0,0,0,0,0,0,0,0
14,14578,6082,01363,8,1247,8,0,0,0,0,11,1516,10,0,1
14,14578,6083,01363,0,0,0,0,0,0,0,0,0,0,0,0
14,14578,6084,01363,10,1291,10,0,0,0,0,7,785,6,0,1
14,14578,6085,01363,117,23559,117,0,0,0,0,194,32396,132,0,62
14,14578,6086,01363,126,26638,126,0,0,0,0,209,38284,158,0,51
14,14578,6087,01363,23,3493,23,0,0,0,0,56,15458,49,0,7
14,14578,6088,01363,356,57459,356,0,0,0,0,543,80917,450,0,93
14,14578,6089,01363,196,28865,196,0,0,0,0,328,37664,258,0,70
14,14578,6090,01363,2,318,2,0,0,0,0,3,571,3,0,0
14,14578,6091,01363,1,98,1,0,0,0,0,1,13,0,0,1
14,14578,6092,01363,0,0,0,0,0,0,0,0,0,0,0,0
14,14578,6093,01363,0,0,0,0,0,0,0,0,0,0,0,0
14,14578,6094,01362,0,0,0,0,0,0,0,0,0,0,0,0
14,14578,6095,01362,0,0,0,0,0,0,0,0,0,0,0,0
14,14578,6096,01362,0,0,0,0,0,0,0,0,0,0,0,0
14,14578,6097,01362,0,0,0,0,0,0,0,0,0,0,0,0
14,14578,6098,01362,0,0,0,0,0,0,0,0,0,0,0,0
14,14578,6099,01334,0,0,0,0,0,0,0,0,0,0,0,0
14,14578,6100,01334,0,0,0,0,0,0,0,0,0,0,0,0
14,14578,6101,01334,0,0,0,0,0,0,0,0,0,0,0,0
14,14578,6102,01334,0,0,0,0,0,0,0,0,0,0,0,0
14,14578,6103,01333,0,0,0,0,0,0,0,0,0,0,0,0
14,14578,6104,01333,0,0,0,0,0,0,0,0,0,0,0,0
14,14578,6105,01333,2,76,2,0,0,0,0,0,0,0,0,0
14,14578,6106,01333,306,49690,306,0,0,0,0,371,49652,367,4,0
14,14578,6107,01333,0,0,0,0,0,0,0,1,10,0,1,0
14,14578,6108,01333,0,0,0,0,0,0,0,0,0,0,0,0
14,14578,6109,01333,0,0,0,0,0,0,0,0,0,0,0,0
14,14578,6110,01333,0,0,0,0,0,0,0,0,0,0,0,0
14,14578,6111,01332,2,931,2,0,0,0,0,5,651,5,0,0
14,14578,6112,01332,1,122,1,0,0,0,0,4,141,4,0,0
14,14579,5999,01405,3,720,3,0,0,0,0,2,714,2,0,0
14,14579,6000,01405,15,2307,15,0,0,0,0,19,2370,19,0,0
14,14579,6001,01405,16,2709,16,0,0,0,0,31,2199,31,0,0
14,14579,6002,01405,7,943,7,0,0,0,0,13,1009,13,0,0
14,14579,6003,01404,1,136,1,0,0,0,0,0,0,0,0,0
14,14579,6004,01404,0,0,0,0,0,0,0,0,0,0,0,0
14,14579,6005,01404,0,0,0,0,0,0,0,0,0,0,0,0
14,14579,6006,01404,0,0,0,0,0,0,0,0,0,0,0,0
14,14579,6007,01404,27,5571,27,0,0,0,0,61,5529,61,0,0
14,14579,6008,01404,21,3529,21,0,0,0,0,72,5714,72,0,0
14,14579,6009,01404,0,0,0,0,0,0,0,1,52,1,0,0
14,14579,6027,01394,0,0,0,0,0,0,0,0,0,0,0,0
14,14579,6028,01392,52,7167,52,0,0,0,0,0,0,0,0,0
14,14579,6029,01392,68,11039,67,0,0,1,0,0,0,0,0,0
14,14579,6030,01392,0,0,0,0,0,0,0,0,0,0,0,0
14,14579,6031,01392,0,0,0,0,0,0,0,0,0,0,0,0
14,14579,6032,01392,0,0,0,0,0,0,0,0,0,0,0,0
14,14579,6033,01392,0,0,0,0,0,0,0,0,0,0,0,0
14,14579,6034,01392,0,0,0,0,0,0,0,0,0,0,0,0
14,14579,6035,01393,0,0,0,0,0,0,0,0,0,0,0,0
14,14579,6036,01393,0,0,0,0,0,0,0,0,0,0,0,0
14,14579,6037,01393,0,0,0,0,0,0,0,0,0,0,0,0
14,14579,6038,01393,0,0,0,0,0,0,0,0,0,0,0,0
14,14579,6039,01393,3,560,3,0,0,0,0,0,0,0,0,0
14,14579,6040,01393,18,3543,18,0,0,0,0,12,1443,0,0,12
14,14579,6041,01393,2,337,2,0,0,0,0,4,337,1,0,3
14,14579,6042,01393,29,6327,29,0,0,0,0,11,4942,9,0,2
14,14579,6043,01393,21,3452,21,0,0,0,0,25,1416,10,0,15
14,14579,6044,01347,14,3124,13,0,0,1,0,19,3818,18,0,1
14,14579,6045,01347,0,0,0,0,0,0,0,0,0,0,0,0
14,14579,6046,01347,0,0,0,0,0,0,0,0,0,0,0,0
14,14579,6047,01347,4,566,4,0,0,0,0,6,895,3,1,2
14,14579,6048,01347,38,4176,37,1,0,0,0,24,3730,22,2,0
14,14579,6049,01347,116,9206,116,0,0,0,0,95,9378,95,0,0
14,14579,6050,01347,227,17439,225,2,0,0,0,161,18046,160,1,0
14,14579,6051,01347,279,29857,274,3,0,2,0,234,33946,229,5,0
14,14579,6052,01347,178,36063,178,0,0,0,0,257,31907,255,2,0
14,14579,6053,01347,15,5767,15,0,0,0,0,21,6184,20,1,0
14,14579,6067,01346,0,0,0,0,0,0,0,0,0,0,0,0
14,14579,6068,01346,161,31447,161,0,0,0,0,178,41610,139,39,0
14,14579,6069,01346,4,543,4,0,0,0,0,1,40,0,1,0
14,14579,6070,01346,27,6218,26,0,0,1,0,16,2471,0,16,0
14,14579,6071,01346,51,11219,49,0,0,2,0,34,4251,0,34,0
14,14579,6072,01346,0,0,0,0,0,0,0,0,0,0,0,0
14,14579,6073,01346,0,0,0,0,0,0,0,0,0,0,0,0
14,14579,6074,01346,0,0,0,0,0,0,0,0,0,0,0,0
14,14579,6075,01346,1,119,1,0,0,0,0,0,0,0,0,0
14,14579,6076,01346,0,0,0,0,0,0,0,0,0,0,0,0
14,14579,6077,01346,0,0,0,0,0,0,0,0,0,0,0,0
14,14579,6078,01346,0,0,0,0,0,0,0,0,0,0,0,0
14,14579,6079,01346,0,0,0,0,0,0,0,0,0,0,0,0
14,14579,6080,01363,0,0,0,0,0,0,0,0,0,0,0,0
14,14579,6081,01363,0,0,0,0,0,0,0,0,0,0,0,0
14,14579,6082,01363,0,0,0,0,0,0,0,0,0,0,0,0
14,14579,6083,01363,2,296,2,0,0,0,0,2,256,2,0,0
14,14579,6084,01363,34,4702,34,0,0,0,0,38,4666,33,0,5
14,14579,6085,01363,39,5630,39,0,0,0,0,77,11643,69,0,8
14,14579,6086,01363,49,6466,49,0,0,0,0,60,6812,55,0,5
14,14579,6087,01363,17,2370,17,0,0,0,0,25,2509,24,0,1
14,14579,6088,01363,50,8123,50,0,0,0,0,84,13784,63,0,21
14,14579,6089,01363,41,9618,41,0,0,0,0,77,15989,45,0,32
14,14579,6090,01363,9,1442,9,0,0,0,0,13,1696,12,0,1
14,14579,6091,01363,1,94,1,0,0,0,0,1,108,0,0,1
14,14579,6092,01363,0,0,0,0,0,0,0,1,29,0,0,1
14,14579,6093,01363,0,0,0,0,0,0,0,0,0,0,0,0
14,14579,6094,01363,0,0,0,0,0,0,0,0,0,0,0,0
14,14579,6095,01362,0,0,0,0,0,0,0,0,0,0,0,0
14,14579,6096,01362,0,0,0,0,0,0,0,0,0,0,0,0
14,14579,6097,01334,0,0,0,0,0,0,0,0,0,0,0,0
14,14579,6098,01334,0,0,0,0,0,0,0,0,0,0,0,0
14,14579,6099,01334,1,38,1,0,0,0,0,0,0,0,0,0
14,14579,6100,01334,6,802,6,0,0,0,0,11,1042,8,0,3
14,14579,6101,01334,9,970,9,0,0,0,0,17,1861,13,0,4
14,14579,6102,01334,0,0,0,0,0,0,0,0,0,0,0,0
14,14579,6103,01333,0,0,0,0,0,0,0,0,0,0,0,0
14,14579,6104,01333,0,0,0,0,0,0,0,0,0,0,0,0
14,14579,6105,01333,34,4223,33,0,0,1,0,51,4821,46,5,0
14,14579,6106,01333,49,6244,49,0,0,0,0,107,17472,101,6,0
14,14579,6107,01333,1,141,1,0,0,0,0,6,260,6,0,0
14,14579,6108,01333,0,0,0,0,0,0,0,0,0,0,0,0
14,14579,6109,01333,0,0,0,0,0,0,0,0,0,0,0,0
14,14579,6110,01333,0,0,0,0,0,0,0,0,0,0,0,0
14,14579,6111,01332,1,51,1,0,0,0,0,0,0,0,0,0
14,14579,6112,01332,22,2048,22,0,0,0,0,46,2971,46,0,0
14,14580,5999,01405,132,19139,132,0,0,0,0,255,23219,224,0,31
14,14580,6000,01405,22,7561,22,0,0,0,0,28,6018,28,0,0
14,14580,6001,01405,0,0,0,0,0,0,0,0,0,0,0,0
14,14580,6002,01405,0,0,0,0,0,0,0,0,0,0,0,0
14,14580,6003,01405,0,0,0,0,0,0,0,0,0,0,0,0
14,14580,6004,01405,0,0,0,0,0,0,0,0,0,0,0,0
14,14580,6005,01404,0,0,0,0,0,0,0,0,0,0,0,0
14,14580,6006,01404,0,0,0,0,0,0,0,0,0,0,0,0
14,14580,6007,01404,0,0,0,0,0,0,0,0,0,0,0,0
14,14580,6008,01404,0,0,0,0,0,0,0,0,0,0,0,0
14,14580,6009,01404,0,0,0,0,0,0,0,0,0,0,0,0
14,14580,6026,01394,5,353,5,0,0,0,0,5,434,5,0,0
14,14580,6027,01394,129,20404,125,0,0,4,0,172,20021,172,0,0
14,14580,6028,01394,54,7840,54,0,0,0,0,94,9227,94,0,0
14,14580,6029,01394,12,1549,12,0,0,0,0,10,1063,10,0,0
14,14580,6030,01394,0,0,0,0,0,0,0,0,0,0,0,0
14,14580,6031,01392,0,0,0,0,0,0,0,0,0,0,0,0
14,14580,6032,01392,0,0,0,0,0,0,0,0,0,0,0,0
14,14580,6033,01392,0,0,0,0,0,0,0,0,0,0,0,0
14,14580,6034,01394,0,0,0,0,0,0,0,0,0,0,0,0
14,14580,6035,01394,0,0,0,0,0,0,0,0,0,0,0,0
14,14580,6036,01394,0,0,0,0,0,0,0,0,0,0,0,0
14,14580,6037,01393,0,0,0,0,0,0,0,0,0,0,0,0
14,14580,6038,01393,0,0,0,0,0,0,0,0,0,0,0,0
14,14580,6039,01393,0,0,0,0,0,0,0,0,0,0,0,0
14,14580,6040,01393,132,28239,132,0,0,0,0,208,23226,175,0,33
14,14580,6041,01393,23,3430,23,0,0,0,0,16,1280,6,0,10
14,14580,6042,01393,66,12773,66,0,0,0,0,62,9908,58,0,4
14,14580,6043,01393,2,305,2,0,0,0,0,0,0,0,0,0
14,14580,6044,01393,0,0,0,0,0,0,0,0,0,0,0,0
14,14580,6045,01347,0,0,0,0,0,0,0,0,0,0,0,0
14,14580,6046,01347,4,716,4,0,0,0,0,2,246,0,0,2
14,14580,6047,01347,0,0,0,0,0,0,0,0,0,0,0,0
14,14580,6048,01347,34,5651,33,1,0,0,0,19,5069,17,2,0
14,14580,6049,01347,378,42570,369,7,0,2,0,301,47774,295,6,0
14,14580,6050,01347,3093,276943,3036,44,0,13,0,2687,268914,2649,38,0
14,14580,6051,01347,732,61655,727,2,0,3,0,594,61472,578,16,0
14,14580,6068,01346,354,80384,354,0,0,0,0,407,67076,384,23,0
14,14580,6069,01346,52,9340,52,0,0,0,0,38,6347,29,9,0
14,14580,6070,01346,42,10621,39,0,0,3,0,24,5818,0,24,0
14,14580,6071,01346,3,498,3,0,0,0,0,0,0,0,0,0
14,14580,6072,01346,13,11024,5,0,0,8,0,0,0,0,0,0
14,14580,6073,01346,53,14479,50,0,0,3,0,14,1780,13,1,0
14,14580,6074,01346,38,9090,38,0,0,0,0,41,10448,41,0,0
14,14580,6075,01346,8,1290,8,0,0,0,0,2,230,2,0,0
14,14580,6076,01346,0,0,0,0,0,0,0,0,0,0,0,0
14,14580,6077,01346,0,0,0,0,0,0,0,0,0,0,0,0
14,14580,6078,01346,0,0,0,0,0,0,0,0,0,0,0,0
14,14580,6079,01363,0,0,0,0,0,0,0,0,0,0,0,0
14,14580,6080,01363,0,0,0,0,0,0,0,0,0,0,0,0
14,14580,6081,01363,0,0,0,0,0,0,0,0,0,0,0,0
14,14580,6082,01363,0,0,0,0,0,0,0,0,0,0,0,0
14,14580,6083,01363,6,1288,5,0,0,1,0,6,1286,6,0,0
14,14580,6084,01363,8,1004,8,0,0,0,0,11,1276,7,0,4
14,14580,6085,01363,73,9453,73,0,0,0,0,119,14677,112,0,7
14,14580,6086,01363,93,13175,93,0,0,0,0,162,21574,147,0,15
14,14580,6087,01363,1,179,1,0,0,0,0,1,63,0,0,1
14,14580,6088,01363,13,1561,13,0,0,0,0,14,1631,9,0,5
14,14580,6089,01363,76,12559,76,0,0,0,0,135,23080,107,0,28
14,14580,6090,01363,15,1826,15,0,0,0,0,29,3368,23,0,6
14,14580,6091,01363,0,0,0,0,0,0,0,0,0,0,0,0
14,14580,6092,01363,0,0,0,0,0,0,0,0,0,0,0,0
14,14580,6093,01363,0,0,0,0,0,0,0,0,0,0,0,0
14,14580,6094,01363,0,0,0,0,0,0,0,0,0,0,0,0
14,14580,6095,01334,0,0,0,0,0,0,0,0,0,0,0,0
14,14580,6096,01334,0,0,0,0,0,0,0,0,0,0,0,0
14,14580,6097,01334,0,0,0,0,0,0,0,0,0,0,0,0
14,14580,6098,01334,0,0,0,0,0,0,0,0,0,0,0,0
14,14580,6099,01334,1,48,1,0,0,0,0,0,0,0,0,0
14,14580,6100,01334,11,1268,11,0,0,0,0,26,1571,15,4,7
14,14580,6101,01334,63,8857,60,0,0,3,0,111,11889,76,3,32
14,14580,6102,01333,0,0,0,0,0,0,0,0,0,0,0,0
14,14580,6103,01333,0,0,0,0,0,0,0,0,0,0,0,0
14,14580,6104,01333,0,0,0,0,0,0,0,1,1117,1,0,0
14,14580,6105,01333,12,1257,12,0,0,0,0,20,2812,20,0,0
14,14580,6106,01333,158,22412,158,0,0,0,0,313,58123,294,19,0
14,14580,6107,01333,3,517,3,0,0,0,0,7,1229,7,0,0
14,14580,6108,01333,0,0,0,0,0,0,0,0,0,0,0,0
14,14580,6109,01333,0,0,0,0,0,0,0,0,0,0,0,0
14,14580,6110,01332,0,0,0,0,0,0,0,0,0,0,0,0
14,14580,6111,01332,0,0,0,0,0,0,0,0,0,0,0,0
14,14581,5999,01405,52,7813,52,0,0,0,0,89,9410,67,0,22
14,14581,6000,01405,0,0,0,0,0,0,0,0,0,0,0,0
14,14581,6001,01405,0,0,0,0,0,0,0,0,0,0,0,0
14,14581,6002,01405,0,0,0,0,0,0,0,0,0,0,0,0
14,14581,6003,01405,0,0,0,0,0,0,0,0,0,0,0,0
14,14581,6004,01405,0,0,0,0,0,0,0,0,0,0,0,0
14,14581,6005,01405,0,0,0,0,0,0,0,0,0,0,0,0
14,14581,6006,01404,0,0,0,0,0,0,0,0,0,0,0,0
14,14581,6007,01404,0,0,0,0,0,0,0,0,0,0,0,0
14,14581,6008,01404,0,0,0,0,0,0,0,0,0,0,0,0
14,14581,6009,01404,2,534,2,0,0,0,0,6,593,6,0,0
14,14581,6010,01404,38,5153,38,0,0,0,0,63,4825,63,0,0
14,14581,6024,01402,6,1774,6,0,0,0,0,15,4046,9,6,0
14,14581,6025,01402,1,65,1,0,0,0,0,2,261,2,0,0
14,14581,6026,01394,0,0,0,0,0,0,0,0,0,0,0,0
14,14581,6027,01394,0,0,0,0,0,0,0,0,0,0,0,0
14,14581,6028,01394,31,4359,31,0,0,0,0,39,4924,39,0,0
14,14581,6029,01394,79,10955,75,0,0,4,0,103,12590,103,0,0
14,14581,6030,01394,36,5008,35,0,0,1,0,3,376,3,0,0
14,14581,6031,01394,0,0,0,0,0,0,0,0,0,0,0,0
14,14581,6032,01394,1,140,1,0,0,0,0,0,0,0,0,0
14,14581,6033,01394,0,0,0,0,0,0,0,0,0,0,0,0
14,14581,6034,01394,0,0,0,0,0,0,0,0,0,0,0,0
14,14581,6035,01394,0,0,0,0,0,0,0,0,0,0,0,0
14,14581,6036,01394,0,0,0,0,0,0,0,0,0,0,0,0
14,14581,6037,01394,0,0,0,0,0,0,0,0,0,0,0,0
14,14581,6038,01393,0,0,0,0,0,0,0,0,0,0,0,0
14,14581,6039,01393,6,1590,6,0,0,0,0,0,0,0,0,0
14,14581,6040,01393,53,8305,53,0,0,0,0,85,8142,69,0,16
14,14581,6041,01393,43,7494,43,0,0,0,0,68,9136,10,0,58
14,14581,6042,01393,18,2644,18,0,0,0,0,12,1455,0,0,12
14,14581,6043,01393,0,0,0,0,0,0,0,0,0,0,0,0
14,14581,6044,01393,0,0,0,0,0,0,0,0,0,0,0,0
14,14581,6045,01393,0,0,0,0,0,0,0,0,0,0,0,0
14,14581,6046,01347,0,0,0,0,0,0,0,0,0,0,0,0
14,14581,6047,01347,60,6338,59,1,0,0,0,31,3727,13,2,16
14,14581,6048,01347,122,15796,121,0,0,1,0,76,13001,70,6,0
14,14581,6049,01347,196,24318,191,5,0,0,0,173,27127,159,14,0
14,14581,6050,01347,237,15546,236,1,0,0,0,181,14534,180,1,0
14,14581,6068,01346,137,23033,137,0,0,0,0,127,14082,127,0,0
14,14581,6069,01346,114,32010,107,0,0,7,0,113,38396,113,0,0
14,14581,6070,01346,10,1596,10,0,0,0,0,17,5343,17,0,0
14,14581,6071,01346,33,4962,31,0,0,2,0,38,10525,38,0,0
14,14581,6072,01346,10,5523,7,0,0,3,0,0,0,0,0,0
14,14581,6073,01346,0,0,0,0,0,0,0,0,0,0,0,0
14,14581,6074,01346,3,2422,2,0,0,1,0,0,0,0,0,0
14,14581,6075,01346,0,0,0,0,0,0,0,0,0,0,0,0
14,14581,6076,01346,0,0,0,0,0,0,0,0,0,0,0,0
14,14581,6077,01346,0,0,0,0,0,0,0,0,0,0,0,0
14,14581,6078,01346,0,0,0,0,0,0,0,0,0,0,0,0
14,14581,6079,01346,0,0,0,0,0,0,0,0,0,0,0,0
14,14581,6080,01363,0,0,0,0,0,0,0,0,0,0,0,0
14,14581,6081,01363,0,0,0,0,0,0,0,0,0,0,0,0
14,14581,6082,01363,0,0,0,0,0,0,0,0,0,0,0,0
14,14581,6083,01363,0,0,0,0,0,0,0,0,0,0,0,0
14,14581,6084,01363,3,401,3,0,0,0,0,3,285,2,0,1
14,14581,6085,01363,4,1291,4,0,0,0,0,21,2681,18,0,3
14,14581,6086,01363,5,921,4,0,0,1,0,3,190,1,0,2
14,14581,6087,01363,2,269,2,0,0,0,0,0,0,0,0,0
14,14581,6088,01363,0,0,0,0,0,0,0,0,0,0,0,0
14,14581,6089,01363,0,0,0,0,0,0,0,0,0,0,0,0
14,14581,6090,01363,0,0,0,0,0,0,0,0,0,0,0,0
14,14581,6091,01363,0,0,0,0,0,0,0,0,0,0,0,0
14,14581,6092,01363,0,0,0,0,0,0,0,0,0,0,0,0
14,14581,6093,01363,0,0,0,0,0,0,0,0,0,0,0,0
14,14581,6094,01334,0,0,0,0,0,0,0,0,0,0,0,0
14,14581,6095,01334,0,0,0,0,0,0,0,0,0,0,0,0
14,14581,6096,01334,0,0,0,0,0,0,0,0,0,0,0,0
14,14581,6097,01334,0,0,0,0,0,0,0,0,0,0,0,0
14,14581,6098,01334,2,172,2,0,0,0,0,2,162,1,0,1
14,14581,6099,01334,7,1160,7,0,0,0,0,9,943,8,1,0
14,14581,6100,01334,35,4042,35,0,0,0,0,81,14661,74,2,5
14,14581,6101,01334,80,18126,77,0,0,3,0,180,38688,145,4,31
14,14581,6102,01333,31,3324,29,0,0,2,0,64,10302,49,2,13
14,14581,6103,01333,9,1444,9,0,0,0,0,24,2616,13,1,10
14,14581,6104,01333,3,420,3,0,0,0,0,9,1584,9,0,0
14,14581,6105,01333,161,22455,160,0,0,1,0,320,51098,304,16,0
14,14581,6106,01333,202,28211,202,0,0,0,0,452,75288,425,27,0
14,14581,6107,01333,6,1832,6,0,0,0,0,15,2785,15,0,0
14,14581,6108,01333,0,0,0,0,0,0,0,0,0,0,0,0
14,14581,6109,01333,0,0,0,0,0,0,0,0,0,0,0,0
14,14581,6110,01332,0,0,0,0,0,0,0,0,0,0,0,0
14,14581,6111,01332,0,0,0,0,0,0,0,0,0,0,0,0
14,14582,5999,01405,18,2482,18,0,0,0,0,16,2318,11,0,5
14,14582,6000,01405,0,0,0,0,0,0,0,0,0,0,0,0
14,14582,6001,01405,0,0,0,0,0,0,0,0,0,0,0,0
14,14582,6002,01405,0,0,0,0,0,0,0,0,0,0,0,0
14,14582,6003,01405,0,0,0,0,0,0,0,0,0,0,0,0
14,14582,6004,01405,0,0,0,0,0,0,0,0,0,0,0,0
14,14582,6005,01405,0,0,0,0,0,0,0,0,0,0,0,0
14,14582,6006,01404,0,0,0,0,0,0,0,0,0,0,0,0
14,14582,6007,01404,0,0,0,0,0,0,0,0,0,0,0,0
14,14582,6008,01404,0,0,0,0,0,0,0,0,0,0,0,0
14,14582,6009,01404,0,0,0,0,0,0,0,0,0,0,0,0
14,14582,6010,01404,31,6107,31,0,0,0,0,73,6300,73,0,0
14,14582,6011,01404,67,16269,66,0,0,1,0,114,17312,114,0,0
14,14582,6023,01402,0,0,0,0,0,0,0,1,30,1,0,0
14,14582,6024,01402,6,860,6,0,0,0,0,5,743,5,0,0
14,14582,6025,01402,1,218,1,0,0,0,0,1,96,0,1,0
14,14582,6026,01394,0,0,0,0,0,0,0,0,0,0,0,0
14,14582,6027,01394,0,0,0,0,0,0,0,0,0,0,0,0
14,14582,6028,01394,0,0,0,0,0,0,0,0,0,0,0,0
14,14582,6029,01394,64,10020,60,0,0,4,0,110,12578,110,0,0
14,14582,6030,01394,60,8012,60,0,0,0,0,30,3271,30,0,0
14,14582,6031,01394,5,692,5,0,0,0,0,1,76,1,0,0
14,14582,6032,01394,8,1079,8,0,0,0,0,5,764,5,0,0
14,14582,6033,01394,0,0,0,0,0,0,0,0,0,0,0,0
14,14582,6034,01394,0,0,0,0,0,0,0,0,0,0,0,0
14,14582,6035,01394,0,0,0,0,0,0,0,0,0,0,0,0
14,14582,6036,01394,3,593,3,0,0,0,0,7,354,7,0,0
14,14582,6037,01394,2,286,2,0,0,0,0,0,0,0,0,0
14,14582,6038,01393,6,857,6,0,0,0,0,1,209,1,0,0
14,14582,6039,01393,6,778,6,0,0,0,0,0,0,0,0,0
14,14582,6040,01393,11,1720,11,0,0,0,0,15,1936,0,0,15
14,14582,6041,01393,36,6069,36,0,0,0,0,28,2950,0,0,28
14,14582,6042,01393,4,654,4,0,0,0,0,8,2120,6,0,2
14,14582,6043,01393,13,2238,13,0,0,0,0,9,1286,2,0,7
14,14582,6044,01393,4,868,4,0,0,0,0,2,259,0,1,1
14,14582,6045,01347,0,0,0,0,0,0,0,0,0,0,0,0
14,14582,6046,01347,16,3670,16,0,0,0,0,8,3512,7,0,1
14,14582,6047,01347,63,12877,62,0,0,1,0,53,14456,42,1,10
14,14582,6048,01347,63,12520,63,0,0,0,0,48,12574,48,0,0
14,14582,6069,01346,28,4843,28,0,0,0,0,15,1920,15,0,0
14,14582,6070,01346,600,109373,599,0,0,1,0,711,102418,711,0,0
14,14582,6071,01346,9,1515,9,0,0,0,0,0,0,0,0,0
14,14582,6072,01346,2,240,2,0,0,0,0,0,0,0,0,0
14,14582,6073,01345,10,1327,10,0,0,0,0,5,517,5,0,0
14,14582,6074,01345,18,2388,18,0,0,0,0,22,2303,22,0,0
14,14582,6075,01346,0,0,0,0,0,0,0,0,0,0,0,0
14,14582,6076,01346,0,0,0,0,0,0,0,0,0,0,0,0
14,14582,6077,01346,0,0,0,0,0,0,0,0,0,0,0,0
14,14582,6078,01346,0,0,0,0,0,0,0,0,0,0,0,0
14,14582,6079,01346,0,0,0,0,0,0,0,0,0,0,0,0
14,14582,6080,01363,0,0,0,0,0,0,0,0,0,0,0,0
14,14582,6081,01363,0,0,0,0,0,0,0,0,0,0,0,0
14,14582,6082,01363,0,0,0,0,0,0,0,0,0,0,0,0
14,14582,6083,01363,0,0,0,0,0,0,0,0,0,0,0,0
14,14582,6084,01363,0,0,0,0,0,0,0,0,0,0,0,0
14,14582,6085,01363,0,0,0,0,0,0,0,0,0,0,0,0
14,14582,6086,01363,0,0,0,0,0,0,0,0,0,0,0,0
14,14582,6087,01363,0,0,0,0,0,0,0,0,0,0,0,0
14,14582,6088,01363,0,0,0,0,0,0,0,0,0,0,0,0
14,14582,6089,01363,0,0,0,0,0,0,0,0,0,0,0,0
14,14582,6090,01363,0,0,0,0,0,0,0,0,0,0,0,0
14,14582,6091,01363,0,0,0,0,0,0,0,0,0,0,0,0
14,14582,6092,01363,0,0,0,0,0,0,0,0,0,0,0,0
14,14582,6093,01334,0,0,0,0,0,0,0,0,0,0,0,0
14,14582,6094,01334,0,0,0,0,0,0,0,0,0,0,0,0
14,14582,6095,01334,0,0,0,0,0,0,0,0,0,0,0,0
14,14582,6096,01334,0,0,0,0,0,0,0,0,0,0,0,0
14,14582,6097,01334,0,0,0,0,0,0,0,0,0,0,0,0
14,14582,6098,01334,0,0,0,0,0,0,0,0,0,0,0,0
14,14582,6099,01334,1,135,1,0,0,0,0,0,0,0,0,0
14,14582,6100,01334,13,1493,13,0,0,0,0,25,4388,24,0,1
14,14582,6101,01334,273,26067,258,1,0,14,0,273,37945,239,1,33
14,14582,6102,01334,240,27363,235,2,0,3,0,319,44004,260,10,49
14,14582,6103,01333,93,14121,90,0,0,3,0,160,33629,131,0,29
14,14582,6104,01333,165,20901,165,0,0,0,0,315,40381,311,4,0
14,14582,6105,01333,132,16708,130,0,0,2,0,390,70279,376,14,0
14,14582,6106,01333,1113,187000,1108,0,0,5,0,1498,217005,1427,71,0
14,14582,6107,01333,248,66895,237,2,0,9,0,377,82580,371,6,0
14,14582,6108,01333,118,15210,116,0,0,2,0,197,21214,168,29,0
14,14582,6109,01333,0,0,0,0,0,0,0,1,36,0,1,0
14,14582,6110,01333,149,13008,149,0,0,0,0,168,13809,168,0,0
14,14582,6111,01333,1,51,1,0,0,0,0,0,0,0,0,0
14,14583,5999,01405,17,2660,17,0,0,0,0,23,2327,22,0,1
14,14583,6000,01405,8,1567,8,0,0,0,0,13,1605,13,0,0
14,14583,6001,01405,0,0,0,0,0,0,0,0,0,0,0,0
14,14583,6002,01405,0,0,0,0,0,0,0,0,0,0,0,0
14,14583,6003,01405,0,0,0,0,0,0,0,0,0,0,0,0
14,14583,6004,01405,0,0,0,0,0,0,0,0,0,0,0,0
14,14583,6005,01405,0,0,0,0,0,0,0,0,0,0,0,0
14,14583,6006,01404,0,0,0,0,0,0,0,0,0,0,0,0
14,14583,6007,01404,0,0,0,0,0,0,0,0,0,0,0,0
14,14583,6008,01404,0,0,0,0,0,0,0,0,0,0,0,0
14,14583,6009,01404,1,196,1,0,0,0,0,5,168,5,0,0
14,14583,6010,01404,19,4507,19,0,0,0,0,39,5228,39,0,0
14,14583,6011,01404,172,26098,170,1,0,1,0,378,33441,378,0,0
14,14583,6012,01404,1,40,1,0,0,0,0,2,65,2,0,0
14,14583,6013,01403,1,112,1,0,0,0,0,0,0,0,0,0
14,14583,6022,01402,0,0,0,0,0,0,0,0,0,0,0,0
14,14583,6023,01402,0,0,0,0,0,0,0,0,0,0,0,0
14,14583,6024,01402,0,0,0,0,0,0,0,0,0,0,0,0
14,14583,6025,01402,0,0,0,0,0,0,0,0,0,0,0,0
14,14583,6026,01394,0,0,0,0,0,0,0,0,0,0,0,0
14,14583,6027,01394,0,0,0,0,0,0,0,0,0,0,0,0
14,14583,6028,01394,0,0,0,0,0,0,0,0,0,0,0,0
14,14583,6029,01394,0,0,0,0,0,0,0,2,40,2,0,0
14,14583,6030,01394,20,2795,20,0,0,0,0,30,2807,30,0,0
14,14583,6031,01394,77,14400,77,0,0,0,0,114,14681,114,0,0
14,14583,6032,01394,36,5291,36,0,0,0,0,60,6093,60,0,0
14,14583,6033,01394,29,4395,29,0,0,0,0,20,2214,20,0,0
14,14583,6034,01394,43,7162,43,0,0,0,0,43,6480,43,0,0
14,14583,6035,01394,26,3898,26,0,0,0,0,43,6296,43,0,0
14,14583,6036,01394,91,14014,91,0,0,0,0,89,12946,89,0,0
14,14583,6037,01394,13,1744,13,0,0,0,0,30,5374,30,0,0
14,14583,6038,01394,0,0,0,0,0,0,0,0,0,0,0,0
14,14583,6039,01393,0,0,0,0,0,0,0,0,0,0,0,0
14,14583,6040,01393,0,0,0,0,0,0,0,0,0,0,0,0
14,14583,6041,01393,0,0,0,0,0,0,0,0,0,0,0,0
14,14583,6042,01393,25,4816,24,0,0,1,0,54,5022,36,0,18
14,14583,6043,01393,13,2471,13,0,0,0,0,18,1962,13,0,5
14,14583,6044,01393,0,0,0,0,0,0,0,0,0,0,0,0
14,14583,6045,01347,4,586,4,0,0,0,0,5,492,5,0,0
14,14583,6046,01347,30,7030,29,0,0,1,0,28,5964,17,1,10
14,14583,6047,01347,1,114,1,0,0,0,0,1,229,0,1,0
14,14583,6070,01346,170,26018,170,0,0,0,0,200,29552,200,0,0
14,14583,6071,01346,34,7769,28,0,0,6,0,19,5417,8,11,0
14,14583,6072,01345,10,5132,3,0,0,7,0,9,5303,5,4,0
14,14583,6073,01345,1,59,1,0,0,0,0,0,0,0,0,0
14,14583,6074,01345,309,65865,303,0,0,6,0,432,65432,340,92,0
14,14583,6075,01345,68,10072,59,0,0,9,0,79,9984,72,7,0
14,14583,6076,01345,0,0,0,0,0,0,0,0,0,0,0,0
14,14583,6077,01345,0,0,0,0,0,0,0,0,0,0,0,0
14,14583,6078,01345,0,0,0,0,0,0,0,0,0,0,0,0
14,14583,6079,01345,0,0,0,0,0,0,0,0,0,0,0,0
14,14583,6080,01345,0,0,0,0,0,0,0,0,0,0,0,0
14,14583,6081,01363,0,0,0,0,0,0,0,0,0,0,0,0
14,14583,6082,01363,0,0,0,0,0,0,0,0,0,0,0,0
14,14583,6083,01363,0,0,0,0,0,0,0,0,0,0,0,0
14,14583,6084,01363,4,611,4,0,0,0,0,3,143,0,0,3
14,14583,6085,01363,0,0,0,0,0,0,0,0,0,0,0,0
14,14583,6086,01363,0,0,0,0,0,0,0,0,0,0,0,0
14,14583,6087,01363,0,0,0,0,0,0,0,0,0,0,0,0
14,14583,6088,01363,0,0,0,0,0,0,0,0,0,0,0,0
14,14583,6089,01363,0,0,0,0,0,0,0,0,0,0,0,0
14,14583,6090,01363,0,0,0,0,0,0,0,0,0,0,0,0
14,14583,6091,01363,0,0,0,0,0,0,0,1,21,0,0,1
14,14583,6092,01236,0,0,0,0,0,0,0,0,0,0,0,0
14,14583,6093,01236,0,0,0,0,0,0,0,0,0,0,0,0
14,14583,6094,01334,0,0,0,0,0,0,0,0,0,0,0,0
14,14583,6095,01334,0,0,0,0,0,0,0,0,0,0,0,0
14,14583,6096,01334,0,0,0,0,0,0,0,0,0,0,0,0
14,14583,6097,01334,0,0,0,0,0,0,0,0,0,0,0,0
14,14583,6098,01334,0,0,0,0,0,0,0,0,0,0,0,0
14,14583,6099,01334,1,132,1,0,0,0,0,1,127,1,0,0
14,14583,6100,01334,40,4725,37,2,0,1,0,76,9961,57,0,19
14,14583,6101,01334,2170,198194,2068,28,0,74,0,1852,205330,1709,27,116
14,14583,6102,01334,517,52668,511,2,0,4,0,637,69447,573,7,57
14,14583,6103,01333,67,9387,67,0,0,0,0,105,11563,95,0,10
14,14583,6104,01333,249,33790,247,0,0,2,0,349,37561,341,8,0
14,14583,6105,01333,186,22840,186,0,0,0,0,275,30299,272,3,0
14,14583,6106,01333,61,6302,61,0,0,0,0,79,6633,79,0,0
14,14583,6107,01333,88,12937,88,0,0,0,0,108,13806,107,1,0
14,14583,6108,01333,316,28919,315,0,0,1,0,473,37099,470,3,0
14,14583,6109,01333,0,0,0,0,0,0,0,1,16,1,0,0
14,14583,6110,01333,2,169,2,0,0,0,0,3,214,3,0,0
14,14584,5996,01405,0,0,0,0,0,0,0,0,0,0,0,0
14,14584,5997,01405,21,3929,21,0,0,0,0,60,5207,60,0,0
14,14584,5998,01405,155,21145,155,0,0,0,0,303,25146,303,0,0
14,14584,5999,01405,74,16986,68,0,0,6,0,150,20572,150,0,0
14,14584,6000,01405,0,0,0,0,0,0,0,0,0,0,0,0
14,14584,6001,01405,0,0,0,0,0,0,0,0,0,0,0,0
14,14584,6002,01405,0,0,0,0,0,0,0,0,0,0,0,0
14,14584,6003,01405,0,0,0,0,0,0,0,0,0,0,0,0
14,14584,6004,01405,0,0,0,0,0,0,0,0,0,0,0,0
14,14584,6005,01404,0,0,0,0,0,0,0,0,0,0,0,0
14,14584,6006,01404,0,0,0,0,0,0,0,0,0,0,0,0
14,14584,6007,01404,0,0,0,0,0,0,0,0,0,0,0,0
14,14584,6008,01404,0,0,0,0,0,0,0,0,0,0,0,0
14,14584,6009,01404,1,173,1,0,0,0,0,0,0,0,0,0
14,14584,6010,01404,13,6615,13,0,0,0,0,53,9071,44,0,9
14,14584,6011,01404,0,0,0,0,0,0,0,0,0,0,0,0
14,14584,6012,01403,0,0,0,0,0,0,0,0,0,0,0,0
14,14584,6013,01403,97,15594,97,0,0,0,0,228,23324,212,3,13
14,14584,6014,01403,72,12395,72,0,0,0,0,155,15000,142,0,13
14,14584,6015,01403,0,0,0,0,0,0,0,0,0,0,0,0
14,14584,6022,01402,40,2641,40,0,0,0,0,57,4144,50,1,6
14,14584,6023,01402,0,0,0,0,0,0,0,1,13,0,0,1
14,14584,6024,01402,0,0,0,0,0,0,0,0,0,0,0,0
14,14584,6025,01402,0,0,0,0,0,0,0,0,0,0,0,0
14,14584,6026,01394,0,0,0,0,0,0,0,0,0,0,0,0
14,14584,6027,01394,0,0,0,0,0,0,0,0,0,0,0,0
14,14584,6028,01394,0,0,0,0,0,0,0,0,0,0,0,0
14,14584,6029,01394,30,3607,30,0,0,0,0,45,6879,13,0,32
14,14584,6030,01394,26,4666,26,0,0,0,0,56,8777,30,0,26
14,14584,6031,01394,56,9136,56,0,0,0,0,103,13935,84,0,19
14,14584,6032,01394,5,619,5,0,0,0,0,8,816,8,0,0
14,14584,6033,01394,0,0,0,0,0,0,0,0,0,0,0,0
14,14584,6034,01394,61,9338,61,0,0,0,0,94,11607,94,0,0
14,14584,6035,01394,207,29918,207,0,0,0,0,307,36135,307,0,0
14,14584,6036,01394,46,6701,46,0,0,0,0,70,10314,70,0,0
14,14584,6037,01394,0,0,0,0,0,0,0,0,0,0,0,0
14,14584,6038,01394,0,0,0,0,0,0,0,0,0,0,0,0
14,14584,6039,01393,0,0,0,0,0,0,0,0,0,0,0,0
14,14584,6040,01393,0,0,0,0,0,0,0,0,0,0,0,0
14,14584,6041,01393,0,0,0,0,0,0,0,0,0,0,0,0
14,14584,6042,01393,30,5531,29,0,0,1,0,47,6218,39,0,8
14,14584,6043,01393,8,1903,7,0,0,1,0,6,668,0,0,6
14,14584,6044,01393,0,0,0,0,0,0,0,0,0,0,0,0
14,14584,6045,01347,163,27003,163,0,0,0,0,319,33030,284,1,34
14,14584,6046,01347,86,14960,86,0,0,0,0,153,13381,132,4,17
14,14584,6070,01346,0,0,0,0,0,0,0,0,0,0,0,0
14,14584,6071,01346,160,24815,160,0,0,0,0,175,21888,147,28,0
14,14584,6072,01345,25,3017,25,0,0,0,0,36,3052,35,1,0
14,14584,6073,01345,4,3859,4,0,0,0,0,2,2449,2,0,0
14,14584,6074,01345,54,20720,50,0,0,4,0,100,16474,67,33,0
14,14584,6075,01345,22,4518,20,0,0,2,0,24,3274,24,0,0
14,14584,6076,01345,0,0,0,0,0,0,0,0,0,0,0,0
14,14584,6077,01345,0,0,0,0,0,0,0,0,0,0,0,0
14,14584,6078,01345,0,0,0,0,0,0,0,0,0,0,0,0
14,14584,6079,01345,0,0,0,0,0,0,0,0,0,0,0,0
14,14584,6080,01345,0,0,0,0,0,0,0,0,0,0,0,0
14,14584,6081,01345,0,0,0,0,0,0,0,0,0,0,0,0
14,14584,6082,01363,0,0,0,0,0,0,0,0,0,0,0,0
14,14584,6083,01363,0,0,0,0,0,0,0,0,0,0,0,0
14,14584,6084,01363,0,0,0,0,0,0,0,0,0,0,0,0
14,14584,6085,01236,0,0,0,0,0,0,0,0,0,0,0,0
14,14584,6086,01236,0,0,0,0,0,0,0,0,0,0,0,0
14,14584,6087,01236,0,0,0,0,0,0,0,0,0,0,0,0
14,14584,6088,01363,0,0,0,0,0,0,0,0,0,0,0,0
14,14584,6089,01363,0,0,0,0,0,0,0,1,46,0,0,1
14,14584,6090,01236,0,0,0,0,0,0,0,0,0,0,0,0
14,14584,6091,01363,0,0,0,0,0,0,0,0,0,0,0,0
14,14584,6092,01236,0,0,0,0,0,0,0,0,0,0,0,0
14,14584,6093,01236,1,123,1,0,0,0,0,0,0,0,0,0
14,14584,6094,01236,0,0,0,0,0,0,0,0,0,0,0,0
14,14584,6095,01334,0,0,0,0,0,0,0,0,0,0,0,0
14,14584,6096,01334,0,0,0,0,0,0,0,0,0,0,0,0
14,14584,6097,01334,0,0,0,0,0,0,0,0,0,0,0,0
14,14584,6098,01334,1,42,1,0,0,0,0,0,0,0,0,0
14,14584,6099,01334,13,1201,13,0,0,0,0,14,954,0,0,14
14,14584,6100,01334,371,37076,369,2,0,0,0,452,41903,411,2,39
14,14584,6101,01334,0,0,0,0,0,0,0,0,0,0,0,0
14,14585,5996,01405,0,0,0,0,0,0,0,1,24,1,0,0
14,14585,5997,01405,102,16340,102,0,0,0,0,179,16486,179,0,0
14,14585,5998,01405,1,342,1,0,0,0,0,1,271,1,0,0
14,14585,5999,01405,16,2373,15,0,0,1,0,14,1437,14,0,0
14,14585,6000,01405,2,279,2,0,0,0,0,4,223,3,0,1
14,14585,6001,01405,0,0,0,0,0,0,0,0,0,0,0,0
14,14585,6002,01405,0,0,0,0,0,0,0,0,0,0,0,0
14,14585,6003,01405,0,0,0,0,0,0,0,0,0,0,0,0
14,14585,6004,01405,0,0,0,0,0,0,0,0,0,0,0,0
14,14585,6005,01405,0,0,0,0,0,0,0,0,0,0,0,0
14,14585,6006,01405,0,0,0,0,0,0,0,0,0,0,0,0
14,14585,6007,01404,0,0,0,0,0,0,0,0,0,0,0,0
14,14585,6008,01404,0,0,0,0,0,0,0,1,64,0,0,1
14,14585,6009,01404,0,0,0,0,0,0,0,0,0,0,0,0
14,14585,6010,01404,2,296,2,0,0,0,0,0,0,0,0,0
14,14585,6011,01403,0,0,0,0,0,0,0,0,0,0,0,0
14,14585,6012,01403,0,0,0,0,0,0,0,0,0,0,0,0
14,14585,6013,01403,2,547,2,0,0,0,0,0,0,0,0,0
14,14585,6014,01403,0,0,0,0,0,0,0,0,0,0,0,0
14,14585,6015,01403,108,14092,108,0,0,0,0,265,20741,247,0,18
14,14585,6016,01403,18,2975,18,0,0,0,0,48,5101,47,0,1
14,14585,6021,01402,275,21529,273,0,0,2,0,291,20081,275,3,13
14,14585,6022,01402,230,21283,227,0,0,3,0,255,22097,236,5,14
14,14585,6023,01402,3,275,3,0,0,0,0,7,4721,5,2,0
14,14585,6024,01402,0,0,0,0,0,0,0,0,0,0,0,0
14,14585,6025,01402,0,0,0,0,0,0,0,0,0,0,0,0
14,14585,6026,01394,0,0,0,0,0,0,0,0,0,0,0,0
14,14585,6027,01394,0,0,0,0,0,0,0,0,0,0,0,0
14,14585,6028,01394,0,0,0,0,0,0,0,0,0,0,0,0
14,14585,6029,01394,20,2602,19,0,0,1,0,34,4106,28,0,6
14,14585,6030,01394,92,20584,91,0,0,1,0,182,31623,159,0,23
14,14585,6031,01394,54,9252,54,0,0,0,0,137,19658,114,0,23
14,14585,6032,01394,43,7329,43,0,0,0,0,69,8460,69,0,0
14,14585,6033,01394,32,4679,32,0,0,0,0,55,6220,55,0,0
14,14585,6034,01394,38,5926,38,0,0,0,0,50,5148,50,0,0
14,14585,6035,01394,99,16367,99,0,0,0,0,129,13524,129,0,0
14,14585,6036,01394,2,306,2,0,0,0,0,3,337,3,0,0
14,14585,6037,01394,0,0,0,0,0,0,0,0,0,0,0,0
14,14585,6038,01394,0,0,0,0,0,0,0,0,0,0,0,0
14,14585,6039,01393,0,0,0,0,0,0,0,0,0,0,0,0
14,14585,6040,01393,0,0,0,0,0,0,0,0,0,0,0,0
14,14585,6041,01393,4,682,4,0,0,0,0,0,0,0,0,0
14,14585,6042,01393,7,1232,7,0,0,0,0,12,982,11,0,1
14,14585,6043,01393,0,0,0,0,0,0,0,0,0,0,0,0
14,14585,6044,01393,67,31284,21,0,0,46,0,83,24401,0,4,79
14,14585,6045,01347,33,5870,33,0,0,0,0,108,10480,83,12,13
14,14585,6046,01347,0,0,0,0,0,0,0,0,0,0,0,0
14,14585,6072,01345,109,14382,109,0,0,0,0,123,14131,123,0,0
14,14585,6073,01345,12,1210,12,0,0,0,0,2,145,1,1,0
14,14585,6074,01345,0,0,0,0,0,0,0,0,0,0,0,0
14,14585,6075,01345,0,0,0,0,0,0,0,0,0,0,0,0
14,14585,6076,01345,0,0,0,0,0,0,0,0,0,0,0,0
14,14585,6077,01345,0,0,0,0,0,0,0,0,0,0,0,0
14,14585,6078,01345,0,0,0,0,0,0,0,0,0,0,0,0
14,14585,6079,01345,0,0,0,0,0,0,0,0,0,0,0,0
14,14585,6080,01345,0,0,0,0,0,0,0,0,0,0,0,0
14,14585,6081,01345,0,0,0,0,0,0,0,0,0,0,0,0
14,14585,6082,01345,0,0,0,0,0,0,0,0,0,0,0,0
14,14585,6083,01236,0,0,0,0,0,0,0,0,0,0,0,0
14,14585,6084,01236,0,0,0,0,0,0,0,0,0,0,0,0
14,14585,6085,01236,0,0,0,0,0,0,0,0,0,0,0,0
14,14585,6086,01236,0,0,0,0,0,0,0,0,0,0,0,0
14,14585,6087,01236,0,0,0,0,0,0,0,0,0,0,0,0
14,14585,6088,01236,0,0,0,0,0,0,0,6,294,0,0,6
14,14585,6089,01236,0,0,0,0,0,0,0,0,0,0,0,0
14,14585,6090,01236,0,0,0,0,0,0,0,0,0,0,0,0
14,14585,6091,01236,0,0,0,0,0,0,0,0,0,0,0,0
14,14585,6092,01236,0,0,0,0,0,0,0,0,0,0,0,0
14,14585,6093,01236,0,0,0,0,0,0,0,0,0,0,0,0
14,14585,6094,01236,0,0,0,0,0,0,0,0,0,0,0,0
14,14585,6095,01334,0,0,0,0,0,0,0,0,0,0,0,0
14,14585,6096,01334,0,0,0,0,0,0,0,0,0,0,0,0
14,14585,6097,01334,1,613,1,0,0,0,0,1,92,0,0,1
14,14585,6098,01334,0,0,0,0,0,0,0,0,0,0,0,0
14,14585,6099,01334,8,1225,8,0,0,0,0,6,761,6,0,0
14,14585,6100,01334,351,39187,350,0,0,1,0,430,40782,388,2,40
14,14586,5996,01405,0,0,0,0,0,0,0,0,0,0,0,0
14,14586,5997,01405,56,8909,56,0,0,0,0,103,8453,103,0,0
14,14586,5998,01405,16,2192,16,0,0,0,0,28,2478,28,0,0
14,14586,5999,01405,22,3377,21,0,0,1,0,36,5163,36,0,0
14,14586,6000,01405,29,4924,26,0,0,3,0,54,6234,48,0,6
14,14586,6001,01405,0,0,0,0,0,0,0,0,0,0,0,0
14,14586,6002,01405,0,0,0,0,0,0,0,0,0,0,0,0
14,14586,6003,01405,0,0,0,0,0,0,0,0,0,0,0,0
14,14586,6004,01405,0,0,0,0,0,0,0,0,0,0,0,0
14,14586,6005,01405,0,0,0,0,0,0,0,0,0,0,0,0
14,14586,6006,01405,0,0,0,0,0,0,0,0,0,0,0,0
14,14586,6007,01404,0,0,0,0,0,0,0,0,0,0,0,0
14,14586,6008,01404,0,0,0,0,0,0,0,0,0,0,0,0
14,14586,6009,01404,0,0,0,0,0,0,0,0,0,0,0,0
14,14586,6010,01404,0,0,0,0,0,0,0,0,0,0,0,0
14,14586,6011,01404,0,0,0,0,0,0,0,0,0,0,0,0
14,14586,6012,01403,0,0,0,0,0,0,0,0,0,0,0,0
14,14586,6013,01403,0,0,0,0,0,0,0,0,0,0,0,0
14,14586,6014,01403,0,0,0,0,0,0,0,0,0,0,0,0
14,14586,6015,01403,2,206,2,0,0,0,0,0,0,0,0,0
14,14586,6016,01403,295,57702,295,0,0,0,0,752,74127,709,3,40
14,14586,6017,01403,86,42231,85,0,0,1,0,207,48243,171,10,26
14,14586,6018,01403,24,45511,24,0,0,0,0,52,48982,43,9,0
14,14586,6020,01402,0,0,0,0,0,0,0,0,0,0,0,0
14,14586,6021,01402,3887,365291,3817,34,0,36,0,3942,355728,3714,21,207
14,14586,6022,01402,775,88209,754,7,0,14,0,745,93497,688,2,55
14,14586,6023,01402,195,23040,185,2,0,8,0,175,23147,156,1,18
14,14586,6024,01402,3,447,3,0,0,0,0,1,509,1,0,0
14,14586,6025,01402,0,0,0,0,0,0,0,0,0,0,0,0
14,14586,6026,01394,0,0,0,0,0,0,0,0,0,0,0,0
14,14586,6027,01394,0,0,0,0,0,0,0,0,0,0,0,0
14,14586,6028,01394,0,0,0,0,0,0,0,0,0,0,0,0
14,14586,6029,01394,0,0,0,0,0,0,0,0,0,0,0,0
14,14586,6030,01394,81,11431,81,0,0,0,0,158,22472,93,0,65
14,14586,6031,01394,31,4294,31,0,0,0,0,36,4567,0,0,36
14,14586,6032,01394,113,19003,113,0,0,0,0,197,26536,197,0,0
14,14586,6033,01394,31,4552,31,0,0,0,0,51,7711,51,0,0
14,14586,6034,01394,4,535,4,0,0,0,0,17,1478,17,0,0
14,14586,6035,01394,0,0,0,0,0,0,0,0,0,0,0,0
14,14586,6036,01394,0,0,0,0,0,0,0,0,0,0,0,0
14,14586,6037,01394,0,0,0,0,0,0,0,0,0,0,0,0
14,14586,6038,01394,0,0,0,0,0,0,0,0,0,0,0,0
14,14586,6039,01393,0,0,0,0,0,0,0,0,0,0,0,0
14,14586,6040,01393,0,0,0,0,0,0,0,0,0,0,0,0
14,14586,6041,01393,0,0,0,0,0,0,0,0,0,0,0,0
14,14586,6042,01393,3,520,3,0,0,0,0,6,561,5,0,1
14,14586,6043,01393,0,0,0,0,0,0,0,0,0,0,0,0
14,14586,6044,01393,5,2013,2,0,0,3,0,6,713,0,3,3
14,14586,6045,01393,1,173,1,0,0,0,0,1,12,0,1,0
14,14586,6046,01347,0,0,0,0,0,0,0,0,0,0,0,0
14,14586,6072,01345,0,0,0,0,0,0,0,0,0,0,0,0
14,14586,6073,01345,75,11367,75,0,0,0,0,104,10815,104,0,0
14,14586,6074,01345,50,7754,50,0,0,0,0,100,9641,99,1,0
14,14586,6075,01345,0,0,0,0,0,0,0,0,0,0,0,0
14,14586,6076,01345,0,0,0,0,0,0,0,0,0,0,0,0
14,14586,6077,01345,0,0,0,0,0,0,0,0,0,0,0,0
14,14586,6078,01345,7,845,7,0,0,0,0,9,890,7,2,0
14,14586,6079,01345,0,0,0,0,0,0,0,0,0,0,0,0
14,14586,6080,01345,0,0,0,0,0,0,0,0,0,0,0,0
14,14586,6081,01345,0,0,0,0,0,0,0,0,0,0,0,0
14,14586,6082,01345,0,0,0,0,0,0,0,0,0,0,0,0
14,14586,6083,01236,0,0,0,0,0,0,0,0,0,0,0,0
14,14586,6084,01236,2,242,2,0,0,0,0,0,0,0,0,0
14,14586,6085,01236,0,0,0,0,0,0,0,0,0,0,0,0
14,14586,6086,01236,0,0,0,0,0,0,0,0,0,0,0,0
14,14586,6087,01236,0,0,0,0,0,0,0,0,0,0,0,0
14,14586,6088,01236,0,0,0,0,0,0,0,14,1826,0,0,14
14,14586,6089,01236,0,0,0,0,0,0,0,0,0,0,0,0
14,14586,6090,01236,0,0,0,0,0,0,0,14,1769,0,0,14
14,14586,6091,01236,0,0,0,0,0,0,0,2,274,0,0,2
14,14586,6092,01236,0,0,0,0,0,0,0,0,0,0,0,0
14,14586,6093,01236,0,0,0,0,0,0,0,0,0,0,0,0
14,14586,6094,01236,0,0,0,0,0,0,0,0,0,0,0,0
14,14586,6095,01236,0,0,0,0,0,0,0,0,0,0,0,0
14,14586,6096,01334,0,0,0,0,0,0,0,0,0,0,0,0
14,14586,6097,01334,0,0,0,0,0,0,0,0,0,0,0,0
14,14586,6098,01334,1,73,1,0,0,0,0,1,27,0,0,1
14,14586,6099,01334,6,1217,6,0,0,0,0,20,2247,1,13,6
14,14586,6100,01334,281,29746,281,0,0,0,0,516,43006,490,1,25
14,14587,5997,01405,0,0,0,0,0,0,0,0,0,0,0,0
14,14587,5998,01405,3,503,3,0,0,0,0,1,169,1,0,0
14,14587,5999,01405,2,858,2,0,0,0,0,3,940,3,0,0
14,14587,6000,01405,25,3361,25,0,0,0,0,101,20105,60,0,41
14,14587,6001,01405,0,0,0,0,0,0,0,0,0,0,0,0
14,14587,6002,01405,1,140,1,0,0,0,0,0,0,0,0,0
14,14587,6003,01405,1,70,1,0,0,0,0,0,0,0,0,0
14,14587,6004,01405,1,119,1,0,0,0,0,1,110,0,0,1
14,14587,6005,01405,0,0,0,0,0,0,0,0,0,0,0,0
14,14587,6006,01405,0,0,0,0,0,0,0,0,0,0,0,0
14,14587,6007,01404,4,523,4,0,0,0,0,6,715,4,0,2
14,14587,6008,01404,0,0,0,0,0,0,0,1,200,0,0,1
14,14587,6009,01404,0,0,0,0,0,0,0,0,0,0,0,0
14,14587,6010,01404,0,0,0,0,0,0,0,0,0,0,0,0
14,14587,6011,01403,0,0,0,0,0,0,0,0,0,0,0,0
14,14587,6012,01403,1,143,1,0,0,0,0,0,0,0,0,0
14,14587,6013,01403,0,0,0,0,0,0,0,0,0,0,0,0
14,14587,6014,01403,0,0,0,0,0,0,0,0,0,0,0,0
14,14587,6015,01403,2,326,2,0,0,0,0,1,104,0,0,1
14,14587,6016,01403,4,665,4,0,0,0,0,11,1285,5,0,6
14,14587,6017,01403,8,3615,7,0,0,1,0,23,4017,5,0,18
14,14587,6018,01403,99,27400,98,0,0,1,0,222,28686,183,2,37
14,14587,6019,01401,6,1021,6,0,0,0,0,15,4197,6,0,9
14,14587,6020,01402,468,61497,453,7,0,8,0,428,73133,356,9,63
14,14587,6021,01402,4707,458789,4595,46,0,66,0,4730,475585,4511,18,201
14,14587,6022,01402,444,45951,430,2,0,12,0,445,48254,396,2,47
14,14587,6023,01402,51,8358,47,0,0,4,0,35,8399,31,0,4
14,14587,6024,01402,3,495,3,0,0,0,0,0,0,0,0,0
14,14587,6025,01402,0,0,0,0,0,0,0,0,0,0,0,0
14,14587,6026,01402,0,0,0,0,0,0,0,0,0,0,0,0
14,14587,6027,01394,0,0,0,0,0,0,0,0,0,0,0,0
14,14587,6028,01394,0,0,0,0,0,0,0,0,0,0,0,0
14,14587,6029,01394,10,1327,10,0,0,0,0,8,812,6,0,2
14,14587,6030,01394,37,5332,37,0,0,0,0,74,12625,57,0,17
14,14587,6031,01394,66,9346,66,0,0,0,0,118,14407,93,0,25
14,14587,6032,01394,567,99836,567,0,0,0,0,1045,139242,1045,0,0
14,14587,6033,01394,3,447,3,0,0,0,0,5,605,5,0,0
14,14587,6034,01394,0,0,0,0,0,0,0,0,0,0,0,0
14,14587,6035,01394,0,0,0,0,0,0,0,0,0,0,0,0
14,14587,6036,01394,0,0,0,0,0,0,0,0,0,0,0,0
14,14587,6037,01394,0,0,0,0,0,0,0,0,0,0,0,0
14,14587,6038,01394,0,0,0,0,0,0,0,0,0,0,0,0
14,14587,6039,01394,0,0,0,0,0,0,0,0,0,0,0,0
14,14587,6040,01394,0,0,0,0,0,0,0,0,0,0,0,0
14,14587,6041,01394,0,0,0,0,0,0,0,0,0,0,0,0
14,14587,6042,01393,0,0,0,0,0,0,0,0,0,0,0,0
14,14587,6043,01393,0,0,0,0,0,0,0,0,0,0,0,0
14,14587,6044,01393,0,0,0,0,0,0,0,0,0,0,0,0
14,14587,6045,01393,1,307,1,0,0,0,0,1,76,1,0,0
14,14587,6074,01345,16,2172,16,0,0,0,0,24,2863,24,0,0
14,14587,6075,01345,0,0,0,0,0,0,0,0,0,0,0,0
14,14587,6076,01345,0,0,0,0,0,0,0,0,0,0,0,0
14,14587,6077,01345,1,81,1,0,0,0,0,1,32,0,1,0
14,14587,6078,01345,0,0,0,0,0,0,0,0,0,0,0,0
14,14587,6079,01345,0,0,0,0,0,0,0,0,0,0,0,0
14,14587,6080,01345,0,0,0,0,0,0,0,0,0,0,0,0
14,14587,6081,01345,0,0,0,0,0,0,0,0,0,0,0,0
14,14587,6082,01236,0,0,0,0,0,0,0,0,0,0,0,0
14,14587,6083,01236,0,0,0,0,0,0,0,0,0,0,0,0
14,14587,6084,01236,0,0,0,0,0,0,0,0,0,0,0,0
14,14587,6085,01236,0,0,0,0,0,0,0,0,0,0,0,0
14,14587,6086,01236,0,0,0,0,0,0,0,0,0,0,0,0
14,14587,6087,01236,0,0,0,0,0,0,0,0,0,0,0,0
14,14587,6088,01236,0,0,0,0,0,0,0,3,256,0,0,3
14,14587,6089,01236,0,0,0,0,0,0,0,0,0,0,0,0
14,14587,6090,01236,0,0,0,0,0,0,0,0,0,0,0,0
14,14587,6091,01236,0,0,0,0,0,0,0,0,0,0,0,0
14,14587,6092,01236,0,0,0,0,0,0,0,0,0,0,0,0
14,14587,6093,01236,0,0,0,0,0,0,0,1,44,0,0,1
14,14587,6094,01236,0,0,0,0,0,0,0,1,546,0,0,1
14,14587,6095,01236,0,0,0,0,0,0,0,0,0,0,0,0
14,14587,6096,01236,1,133,1,0,0,0,0,2,616,0,2,0
14,14587,6097,01334,0,0,0,0,0,0,0,0,0,0,0,0
14,14587,6098,01334,0,0,0,0,0,0,0,0,0,0,0,0
14,14587,6099,01334,60,10417,60,0,0,0,0,162,14709,152,5,5
14,14587,6100,01334,16,2654,16,0,0,0,0,39,3317,38,0,1
14,14588,5998,01405,0,0,0,0,0,0,0,0,0,0,0,0
14,14588,5999,01405,0,0,0,0,0,0,0,2,475,2,0,0
14,14588,6000,01405,55,8436,54,0,0,1,0,102,15313,91,0,11
14,14588,6001,01405,20,2298,20,0,0,0,0,71,9727,59,0,12
14,14588,6002,01405,0,0,0,0,0,0,0,0,0,0,0,0
14,14588,6003,01405,5,795,4,0,0,1,0,5,713,3,0,2
14,14588,6004,01405,0,0,0,0,0,0,0,0,0,0,0,0
14,14588,6005,01405,0,0,0,0,0,0,0,0,0,0,0,0
14,14588,6006,01406,0,0,0,0,0,0,0,0,0,0,0,0
14,14588,6007,01406,0,0,0,0,0,0,0,2,892,0,0,2
14,14588,6008,01406,0,0,0,0,0,0,0,0,0,0,0,0
14,14588,6009,01406,0,0,0,0,0,0,0,0,0,0,0,0
14,14588,6010,01406,0,0,0,0,0,0,0,0,0,0,0,0
14,14588,6011,01403,0,0,0,0,0,0,0,0,0,0,0,0
14,14588,6012,01403,0,0,0,0,0,0,0,0,0,0,0,0
14,14588,6013,01403,0,0,0,0,0,0,0,0,0,0,0,0
14,14588,6014,01403,0,0,0,0,0,0,0,0,0,0,0,0
14,14588,6015,01403,0,0,0,0,0,0,0,0,0,0,0,0
14,14588,6016,01401,7,796,7,0,0,0,0,26,18408,14,0,12
14,14588,6017,01401,37,5591,37,0,0,0,0,147,39520,57,4,86
14,14588,6018,01401,135,37852,131,0,0,4,0,378,68772,237,0,141
14,14588,6019,01401,172,30993,170,0,0,2,0,477,90606,348,2,127
14,14588,6020,01401,111,14348,106,0,0,5,0,121,20430,104,3,14
14,14588,6021,01401,322,54016,309,8,0,5,0,364,66022,314,2,48
14,14588,6022,01401,110,13418,109,0,0,1,0,141,20252,115,0,26
14,14588,6023,01401,27,3595,27,0,0,0,0,53,6526,44,0,9
14,14588,6024,01401,0,0,0,0,0,0,0,0,0,0,0,0
14,14588,6025,01401,0,0,0,0,0,0,0,0,0,0,0,0
14,14588,6026,01401,0,0,0,0,0,0,0,0,0,0,0,0
14,14588,6027,01394,2,296,2,0,0,0,0,6,2539,0,2,4
14,14588,6028,01394,0,0,0,0,0,0,0,0,0,0,0,0
14,14588,6029,01394,4,280,4,0,0,0,0,2,136,0,0,2
14,14588,6030,01394,1,160,1,0,0,0,0,3,229,0,0,3
14,14588,6031,01394,138,23722,138,0,0,0,0,335,52346,282,0,53
14,14588,6032,01394,111,23722,110,0,0,1,0,223,31604,223,0,0
14,14588,6033,01394,0,0,0,0,0,0,0,0,0,0,0,0
14,14588,6034,01394,0,0,0,0,0,0,0,0,0,0,0,0
14,14588,6035,01394,0,0,0,0,0,0,0,0,0,0,0,0
14,14588,6036,01394,0,0,0,0,0,0,0,0,0,0,0,0
14,14588,6037,01394,0,0,0,0,0,0,0,0,0,0,0,0
14,14588,6038,01394,0,0,0,0,0,0,0,0,0,0,0,0
14,14588,6039,01394,0,0,0,0,0,0,0,0,0,0,0,0
14,14588,6040,01394,0,0,0,0,0,0,0,0,0,0,0,0
14,14588,6041,01394,0,0,0,0,0,0,0,0,0,0,0,0
14,14588,6042,01393,0,0,0,0,0,0,0,1,770,1,0,0
14,14588,6043,01571,0,0,0,0,0,0,0,0,0,0,0,0
14,14588,6044,01571,0,0,0,0,0,0,0,0,0,0,0,0
14,14588,6045,01571,3,653,3,0,0,0,0,4,220,3,0,1
14,14588,6046,01571,0,0,0,0,0,0,0,0,0,0,0,0
14,14588,6074,01345,204,16231,203,0,0,1,0,128,15426,128,0,0
14,14588,6075,01345,674,64764,660,0,0,14,0,358,53712,351,7,0
14,14588,6076,01345,9,2176,9,0,0,0,0,12,2087,6,6,0
14,14588,6077,01345,1,262,1,0,0,0,0,1,173,1,0,0
14,14588,6078,01345,0,0,0,0,0,0,0,0,0,0,0,0
14,14588,6079,01345,0,0,0,0,0,0,0,0,0,0,0,0
14,14588,6080,01345,0,0,0,0,0,0,0,0,0,0,0,0
14,14588,6081,01345,0,0,0,0,0,0,0,0,0,0,0,0
14,14588,6082,01345,0,0,0,0,0,0,0,0,0,0,0,0
14,14588,6083,01236,0,0,0,0,0,0,0,0,0,0,0,0
14,14588,6084,01236,0,0,0,0,0,0,0,0,0,0,0,0
14,14588,6085,01236,0,0,0,0,0,0,0,0,0,0,0,0
14,14588,6086,01236,0,0,0,0,0,0,0,0,0,0,0,0
14,14588,6087,01236,0,0,0,0,0,0,0,0,0,0,0,0
14,14588,6088,01236,0,0,0,0,0,0,0,1,194,0,0,1
14,14588,6089,01236,0,0,0,0,0,0,0,0,0,0,0,0
14,14588,6090,01236,0,0,0,0,0,0,0,0,0,0,0,0
14,14588,6091,01236,0,0,0,0,0,0,0,0,0,0,0,0
14,14588,6092,01236,0,0,0,0,0,0,0,0,0,0,0,0
14,14588,6093,01236,0,0,0,0,0,0,0,9,793,0,1,8
14,14588,6094,01236,2,272,2,0,0,0,0,12,5685,6,0,6
14,14588,6095,01236,0,0,0,0,0,0,0,3,1010,0,0,3
14,14588,6096,01236,0,0,0,0,0,0,0,3,621,0,0,3
14,14588,6097,01334,0,0,0,0,0,0,0,0,0,0,0,0
14,14588,6098,01334,34,14149,31,0,0,3,0,73,17348,43,3,27
14,14588,6099,01334,50,6908,50,0,0,0,0,106,8480,98,3,5
14,14589,5999,01405,0,0,0,0,0,0,0,0,0,0,0,0
14,14589,6000,01405,1,117,1,0,0,0,0,2,137,1,0,1
14,14589,6001,01405,13,2050,13,0,0,0,0,24,3572,18,0,6
14,14589,6002,01405,9,1106,9,0,0,0,0,8,956,6,0,2
14,14589,6003,01405,34,10665,28,0,0,6,0,43,17383,30,0,13
14,14589,6004,01405,0,0,0,0,0,0,0,0,0,0,0,0
14,14589,6005,01406,0,0,0,0,0,0,0,0,0,0,0,0
14,14589,6006,01406,0,0,0,0,0,0,0,0,0,0,0,0
14,14589,6007,01406,7,4353,2,0,0,5,0,8,5289,8,0,0
14,14589,6008,01406,0,0,0,0,0,0,0,0,0,0,0,0
14,14589,6009,01406,0,0,0,0,0,0,0,0,0,0,0,0
14,14589,6010,01406,0,0,0,0,0,0,0,0,0,0,0,0
14,14589,6011,01406,0,0,0,0,0,0,0,0,0,0,0,0
14,14589,6012,01406,0,0,0,0,0,0,0,0,0,0,0,0
14,14589,6013,01403,0,0,0,0,0,0,0,0,0,0,0,0
14,14589,6014,01403,0,0,0,0,0,0,0,0,0,0,0,0
14,14589,6015,01401,0,0,0,0,0,0,0,0,0,0,0,0
14,14589,6016,01401,12,1403,12,0,0,0,0,25,3318,16,0,9
14,14589,6017,01401,51,6851,51,0,0,0,0,215,86322,103,6,106
14,14589,6018,01401,103,18553,103,0,0,0,0,396,73425,153,16,227
14,14589,6019,01401,121,28708,120,0,0,1,0,347,103181,232,5,110
14,14589,6020,01401,99,17796,99,0,0,0,0,289,51940,197,9,83
14,14589,6021,01401,234,56447,234,0,0,0,0,502,84507,437,1,64
14,14589,6022,01401,52,7604,52,0,0,0,0,92,12965,83,0,9
14,14589,6023,01401,24,3351,24,0,0,0,0,50,7198,42,0,8
14,14589,6024,01401,4,2443,4,0,0,0,0,11,2446,10,0,1
14,14589,6025,01401,0,0,0,0,0,0,0,0,0,0,0,0
14,14589,6026,01401,0,0,0,0,0,0,0,1,38,0,1,0
14,14589,6027,01394,0,0,0,0,0,0,0,0,0,0,0,0
14,14589,6028,01394,0,0,0,0,0,0,0,0,0,0,0,0
14,14589,6029,01394,7,601,7,0,0,0,0,1,129,0,0,1
14,14589,6030,01394,9,1226,9,0,0,0,0,9,288,9,0,0
14,14589,6031,01394,19,2662,19,0,0,0,0,33,4535,28,0,5
14,14589,6032,01394,20,3316,20,0,0,0,0,37,3968,37,0,0
14,14589,6033,01394,0,0,0,0,0,0,0,0,0,0,0,0
14,14589,6034,01394,0,0,0,0,0,0,0,0,0,0,0,0
14,14589,6035,01394,5,695,5,0,0,0,0,7,890,7,0,0
14,14589,6036,01394,24,3892,24,0,0,0,0,35,2596,35,0,0
14,14589,6037,01395,1,152,1,0,0,0,0,3,211,3,0,0
14,14589,6038,01571,0,0,0,0,0,0,0,0,0,0,0,0
14,14589,6039,01571,0,0,0,0,0,0,0,0,0,0,0,0
14,14589,6040,01394,0,0,0,0,0,0,0,2,89,0,0,2
14,14589,6041,01571,0,0,0,0,0,0,0,0,0,0,0,0
14,14589,6042,01571,0,0,0,0,0,0,0,0,0,0,0,0
14,14589,6043,01571,1,222,1,0,0,0,0,1,218,1,0,0
14,14589,6044,01571,5,841,5,0,0,0,0,5,334,4,0,1
14,14589,6045,01571,14,5044,12,0,0,2,0,24,3014,9,0,15
14,14589,6046,01571,0,0,0,0,0,0,0,0,0,0,0,0
14,14589,6047,01571,0,0,0,0,0,0,0,0,0,0,0,0
14,14589,6075,01345,3633,352923,3575,29,0,29,0,2458,344982,2388,70,0
14,14589,6076,01345,794,105428,771,1,0,22,0,506,103454,479,27,0
14,14589,6077,01345,24,4321,24,0,0,0,0,45,7130,32,13,0
14,14589,6078,01345,2,119,2,0,0,0,0,0,0,0,0,0
14,14589,6079,01345,1,134,1,0,0,0,0,4,361,1,3,0
14,14589,6080,01345,4,594,4,0,0,0,0,3,495,3,0,0
14,14589,6081,01345,0,0,0,0,0,0,0,0,0,0,0,0
14,14589,6082,01345,0,0,0,0,0,0,0,0,0,0,0,0
14,14589,6083,01345,0,0,0,0,0,0,0,0,0,0,0,0
14,14589,6084,01236,0,0,0,0,0,0,0,0,0,0,0,0
14,14589,6085,01236,2,796,2,0,0,0,0,3,708,0,3,0
14,14589,6086,01236,9,1610,9,0,0,0,0,4,1329,1,3,0
14,14589,6087,01236,0,0,0,0,0,0,0,0,0,0,0,0
14,14589,6088,01236,0,0,0,0,0,0,0,0,0,0,0,0
14,14589,6089,01236,3,568,3,0,0,0,0,10,1957,0,6,4
14,14589,6090,01236,22,8881,16,0,0,6,0,7,1141,0,7,0
14,14589,6091,01236,3,495,3,0,0,0,0,3,234,0,0,3
14,14589,6092,01236,0,0,0,0,0,0,0,0,0,0,0,0
14,14589,6093,01236,0,0,0,0,0,0,0,2,300,0,0,2
14,14589,6094,01236,0,0,0,0,0,0,0,0,0,0,0,0
14,14589,6095,01236,13,1708,13,0,0,0,0,58,14968,12,0,46
14,14589,6096,01236,0,0,0,0,0,0,0,16,7975,0,1,15
14,14589,6097,01236,204,36815,200,0,0,4,0,194,35366,177,0,17
14,14589,6098,01236,264,21714,258,0,0,6,0,237,20182,219,1,17
14,14590,6000,01405,0,0,0,0,0,0,0,0,0,0,0,0
14,14590,6001,01405,416,72114,416,0,0,0,0,865,81351,809,0,56
14,14590,6002,01405,70,21289,70,0,0,0,0,126,21237,119,0,7
14,14590,6003,01405,0,0,0,0,0,0,0,0,0,0,0,0
14,14590,6004,01406,0,0,0,0,0,0,0,0,0,0,0,0
14,14590,6005,01406,0,0,0,0,0,0,0,0,0,0,0,0
14,14590,6006,01406,0,0,0,0,0,0,0,0,0,0,0,0
14,14590,6007,01406,1,108,1,0,0,0,0,0,0,0,0,0
14,14590,6008,01406,0,0,0,0,0,0,0,0,0,0,0,0
14,14590,6009,01406,0,0,0,0,0,0,0,1,48,0,0,1
14,14590,6010,01406,0,0,0,0,0,0,0,0,0,0,0,0
14,14590,6011,01406,0,0,0,0,0,0,0,0,0,0,0,0
14,14590,6012,01406,0,0,0,0,0,0,0,0,0,0,0,0
14,14590,6013,01406,0,0,0,0,0,0,0,0,0,0,0,0
14,14590,6014,01401,0,0,0,0,0,0,0,0,0,0,0,0
14,14590,6015,01401,0,0,0,0,0,0,0,0,0,0,0,0
14,14590,6016,01401,1,232,1,0,0,0,0,0,0,0,0,0
14,14590,6017,01401,16,2087,16,0,0,0,0,68,21381,33,0,35
14,14590,6018,01401,83,11929,83,0,0,0,0,213,43998,121,0,92
14,14590,6019,01401,65,9765,65,0,0,0,0,250,91946,93,5,152
14,14590,6020,01401,73,10350,73,0,0,0,0,255,66823,131,8,116
14,14590,6021,01401,149,20884,149,0,0,0,0,317,55225,228,1,88
14,14590,6022,01401,48,6994,48,0,0,0,0,95,17371,79,0,16
14,14590,6023,01401,10,2557,10,0,0,0,0,9,2419,5,0,4
14,14590,6024,01401,0,0,0,0,0,0,0,0,0,0,0,0
14,14590,6025,01401,2,247,2,0,0,0,0,3,333,3,0,0
14,14590,6026,01401,0,0,0,0,0,0,0,0,0,0,0,0
14,14590,6027,01394,1,339,1,0,0,0,0,0,0,0,0,0
14,14590,6028,01394,37,9031,37,0,0,0,0,47,9480,40,0,7
14,14590,6029,01394,3,585,3,0,0,0,0,2,412,0,0,2
14,14590,6030,01394,8,1323,8,0,0,0,0,10,1772,9,0,1
14,14590,6031,01394,33,5247,33,0,0,0,0,52,6835,47,0,5
14,14590,6032,01394,198,37551,198,0,0,0,0,346,44193,346,0,0
14,14590,6033,01394,62,10011,62,0,0,0,0,109,14634,109,0,0
14,14590,6034,01394,38,5304,38,0,0,0,0,48,4802,48,0,0
14,14590,6035,01395,16,2144,16,0,0,0,0,20,1876,20,0,0
14,14590,6036,01395,6,1358,6,0,0,0,0,0,0,0,0,0
14,14590,6037,01395,0,0,0,0,0,0,0,0,0,0,0,0
14,14590,6038,01571,0,0,0,0,0,0,0,0,0,0,0,0
14,14590,6039,01571,0,0,0,0,0,0,0,0,0,0,0,0
14,14590,6040,01571,31,15270,22,0,0,9,0,75,18680,58,0,17
14,14590,6041,01571,5,1847,4,0,0,1,0,15,3181,6,0,9
14,14590,6042,01571,0,0,0,0,0,0,0,0,0,0,0,0
14,14590,6043,01571,0,0,0,0,0,0,0,1,38,1,0,0
14,14590,6044,01571,14,2147,14,0,0,0,0,39,4749,16,0,23
14,14590,6045,01571,41,7347,40,0,0,1,0,115,16468,62,0,53
14,14590,6046,01571,239,50971,238,0,0,1,0,512,54124,307,0,205
14,14590,6047,01571,0,0,0,0,0,0,0,0,0,0,0,0
14,14590,6074,01345,0,0,0,0,0,0,0,0,0,0,0,0
14,14590,6075,01345,3270,319325,3221,2,0,47,0,2114,308652,2047,67,0
14,14590,6076,01345,696,92653,652,0,0,44,0,483,91962,442,41,0
14,14590,6077,01345,118,39684,110,0,0,8,0,113,35546,111,2,0
14,14590,6078,01345,102,36287,73,0,0,29,0,84,31979,75,9,0
14,14590,6079,01345,84,22492,78,0,0,6,0,63,14914,57,6,0
14,14590,6080,01345,13,6614,7,0,0,6,0,17,5637,16,1,0
14,14590,6081,01345,14,9645,14,0,0,0,0,20,11578,13,7,0
14,14590,6082,01337,4,2971,4,0,0,0,0,27,5174,27,0,0
14,14590,6083,01337,0,0,0,0,0,0,0,0,0,0,0,0
14,14590,6084,01236,1,346,1,0,0,0,0,1,87,0,1,0
14,14590,6085,01236,1,144,1,0,0,0,0,1,151,0,1,0
14,14590,6086,01236,6,863,6,0,0,0,0,2,368,0,2,0
14,14590,6087,01236,31,10043,31,0,0,0,0,18,5899,3,15,0
14,14590,6088,01236,4,102,4,0,0,0,0,4,256,0,0,4
14,14590,6089,01236,1,141,1,0,0,0,0,4,351,0,0,4
14,14590,6090,01236,40,2519,38,0,0,2,0,36,7033,4,4,28
14,14590,6091,01236,10,223,10,0,0,0,0,10,42310,0,2,8
14,14590,6092,01236,11,919,11,0,0,0,0,15,1795,2,1,12
14,14590,6093,01236,7,5798,7,0,0,0,0,7,5371,4,0,3
14,14590,6094,01236,0,0,0,0,0,0,0,0,0,0,0,0
14,14590,6095,01236,147,14989,146,0,0,1,0,265,26305,197,0,68
14,14590,6096,01236,686,54194,676,1,0,9,0,780,105598,634,2,144
14,14590,6097,01236,407,43680,398,1,0,8,0,374,55044,327,0,47
14,14590,6098,01236,107,7358,106,0,0,1,0,93,6869,92,0,1
14,14591,6001,01405,52,9737,52,0,0,0,0,119,12055,113,0,6
14,14591,6002,01405,3,417,3,0,0,0,0,2,110,2,0,0
14,14591,6003,01406,1,140,1,0,0,0,0,0,0,0,0,0
14,14591,6004,01406,0,0,0,0,0,0,0,0,0,0,0,0
14,14591,6005,01406,27,4934,27,0,0,0,0,81,7801,57,0,24
14,14591,6006,01406,16,2522,16,0,0,0,0,25,2952,18,0,7
14,14591,6007,01406,15,5836,12,0,0,3,0,23,5486,16,0,7
14,14591,6008,01406,0,0,0,0,0,0,0,0,0,0,0,0
14,14591,6009,01406,0,0,0,0,0,0,0,0,0,0,0,0
14,14591,6010,01406,1,97,1,0,0,0,0,0,0,0,0,0
14,14591,6011,01406,0,0,0,0,0,0,0,0,0,0,0,0
14,14591,6012,01406,0,0,0,0,0,0,0,0,0,0,0,0
14,14591,6013,01406,0,0,0,0,0,0,0,0,0,0,0,0
14,14591,6014,01406,0,0,0,0,0,0,0,0,0,0,0,0
14,14591,6015,01401,0,0,0,0,0,0,0,0,0,0,0,0
14,14591,6016,01401,0,0,0,0,0,0,0,0,0,0,0,0
14,14591,6017,01401,0,0,0,0,0,0,0,0,0,0,0,0
14,14591,6018,01401,15,2193,15,0,0,0,0,25,3533,20,0,5
14,14591,6019,01401,4,530,4,0,0,0,0,62,30347,5,0,57
14,14591,6020,01401,45,6442,45,0,0,0,0,207,117291,78,5,124
14,14591,6021,01401,235,57771,235,0,0,0,0,509,96110,384,5,120
14,14591,6022,01401,8,1064,8,0,0,0,0,18,2281,16,0,2
14,14591,6023,01401,1,135,1,0,0,0,0,1,81,1,0,0
14,14591,6024,01401,1,153,1,0,0,0,0,0,0,0,0,0
14,14591,6025,01401,0,0,0,0,0,0,0,0,0,0,0,0
14,14591,6026,01401,0,0,0,0,0,0,0,0,0,0,0,0
14,14591,6027,01394,0,0,0,0,0,0,0,0,0,0,0,0
14,14591,6028,01394,0,0,0,0,0,0,0,0,0,0,0,0
14,14591,6029,01394,49,10989,47,2,0,0,0,55,15853,39,0,16
14,14591,6030,01394,65,12813,64,0,0,1,0,71,14609,55,0,16
14,14591,6031,01394,127,17840,127,0,0,0,0,274,35867,241,0,33
14,14591,6032,01395,59,11580,59,0,0,0,0,92,13628,92,0,0
14,14591,6033,01395,46,6528,46,0,0,0,0,90,10439,90,0,0
14,14591,6034,01395,3,413,3,0,0,0,0,0,0,0,0,0
14,14591,6035,01395,0,0,0,0,0,0,0,0,0,0,0,0
14,14591,6036,01395,0,0,0,0,0,0,0,0,0,0,0,0
14,14591,6037,01395,0,0,0,0,0,0,0,0,0,0,0,0
14,14591,6038,01571,0,0,0,0,0,0,0,0,0,0,0,0
14,14591,6039,01571,0,0,0,0,0,0,0,0,0,0,0,0
14,14591,6040,01571,15,5979,12,0,0,3,0,32,6612,29,0,3
14,14591,6041,01571,0,0,0,0,0,0,0,19,21684,19,0,0
14,14591,6042,01571,0,0,0,0,0,0,0,0,0,0,0,0
14,14591,6043,01571,17,2484,17,0,0,0,0,53,9977,33,0,20
14,14591,6044,01571,13,2256,13,0,0,0,0,25,3664,0,0,25
14,14591,6045,01571,18,3997,17,0,0,1,0,40,6413,27,0,13
14,14591,6046,01571,8,1492,8,0,0,0,0,13,870,10,0,3
14,14591,6074,01345,342,30861,342,0,0,0,0,224,27060,222,2,0
14,14591,6075,01345,1408,148841,1378,1,0,29,0,925,137624,888,37,0
14,14591,6076,01345,82,25922,70,0,0,12,0,73,20903,61,12,0
14,14591,6077,01345,29,5801,29,0,0,0,0,36,5419,30,6,0
14,14591,6078,01345,70,26911,65,0,0,5,0,73,19638,58,15,0
14,14591,6079,01345,192,55881,182,0,0,10,0,278,51839,271,7,0
14,14591,6080,01345,71,13079,66,0,0,5,0,97,15126,94,3,0
14,14591,6081,01345,55,32554,43,0,0,12,0,75,23607,67,8,0
14,14591,6082,01337,16,1787,16,0,0,0,0,8,623,0,8,0
14,14591,6083,01337,0,0,0,0,0,0,0,0,0,0,0,0
14,14591,6084,01337,8,1886,8,0,0,0,0,5,1368,0,5,0
14,14591,6085,01236,8,1362,8,0,0,0,0,0,0,0,0,0
14,14591,6086,01236,4,344,4,0,0,0,0,24,895,24,0,0
14,14591,6087,01236,26,7214,21,0,0,5,0,32,8864,13,19,0
14,14591,6088,01236,151,14256,134,0,0,17,0,181,30298,126,3,52
14,14591,6089,01236,187,22141,175,0,0,12,0,202,32210,175,1,26
14,14591,6090,01236,133,14689,122,0,0,11,0,144,17550,116,0,28
14,14591,6091,01236,80,12261,79,0,0,1,0,77,15324,61,1,15
14,14591,6092,01236,341,28857,329,1,0,11,0,404,48795,341,1,62
14,14591,6093,01236,558,49777,542,7,0,9,0,604,67422,567,3,34
14,14591,6094,01236,83,11131,80,1,0,2,0,70,11320,65,1,4
14,14591,6095,01236,48,5099,48,0,0,0,0,64,6059,59,0,5
14,14591,6096,01236,458,34786,454,1,0,3,0,433,32777,416,5,12
14,14591,6097,01236,0,0,0,0,0,0,0,0,0,0,0,0
14,14592,6001,01405,6,428,6,0,0,0,0,4,316,4,0,0
14,14592,6002,01406,646,76979,628,18,0,0,0,746,78907,721,0,25
14,14592,6003,01406,772,93726,746,24,0,2,0,821,96100,781,0,40
14,14592,6004,01406,473,68136,454,18,0,1,0,664,81340,587,0,77
14,14592,6005,01406,21,2884,21,0,0,0,0,42,4692,32,0,10
14,14592,6006,01406,0,0,0,0,0,0,0,0,0,0,0,0
14,14592,6007,01406,0,0,0,0,0,0,0,0,0,0,0,0
14,14592,6008,01406,0,0,0,0,0,0,0,0,0,0,0,0
14,14592,6009,01406,0,0,0,0,0,0,0,0,0,0,0,0
14,14592,6010,01406,0,0,0,0,0,0,0,0,0,0,0,0
14,14592,6011,01406,0,0,0,0,0,0,0,0,0,0,0,0
14,14592,6012,01406,0,0,0,0,0,0,0,0,0,0,0,0
14,14592,6013,01406,0,0,0,0,0,0,0,0,0,0,0,0
14,14592,6014,01407,0,0,0,0,0,0,0,0,0,0,0,0
14,14592,6015,01401,0,0,0,0,0,0,0,0,0,0,0,0
14,14592,6016,01401,0,0,0,0,0,0,0,0,0,0,0,0
14,14592,6017,01401,0,0,0,0,0,0,0,0,0,0,0,0
14,14592,6018,01401,0,0,0,0,0,0,0,0,0,0,0,0
14,14592,6019,01401,0,0,0,0,0,0,0,0,0,0,0,0
14,14592,6020,01401,15,1716,15,0,0,0,0,30,4838,30,0,0
14,14592,6021,01401,77,12780,76,1,0,0,0,114,15592,112,2,0
14,14592,6022,01401,5,537,5,0,0,0,0,1,37,0,1,0
14,14592,6023,01401,0,0,0,0,0,0,0,0,0,0,0,0
14,14592,6024,01401,0,0,0,0,0,0,0,0,0,0,0,0
14,14592,6025,01401,0,0,0,0,0,0,0,0,0,0,0,0
14,14592,6026,01400,0,0,0,0,0,0,0,0,0,0,0,0
14,14592,6027,01394,0,0,0,0,0,0,0,0,0,0,0,0
14,14592,6028,01395,15,3975,15,0,0,0,0,15,4463,15,0,0
14,14592,6029,01395,108,28846,107,0,0,1,0,132,33329,111,0,21
14,14592,6030,01395,109,19150,108,0,0,1,0,144,25370,93,1,50
14,14592,6031,01395,18,3184,18,0,0,0,0,34,6025,21,0,13
14,14592,6032,01395,32,4964,32,0,0,0,0,73,8826,63,0,10
14,14592,6033,01395,72,11629,72,0,0,0,0,203,23367,156,0,47
14,14592,6034,01395,57,9586,57,0,0,0,0,131,17978,102,0,29
14,14592,6035,01395,0,0,0,0,0,0,0,5,867,1,0,4
14,14592,6036,01395,0,0,0,0,0,0,0,2,79,0,0,2
14,14592,6037,01395,0,0,0,0,0,0,0,0,0,0,0,0
14,14592,6038,01571,0,0,0,0,0,0,0,0,0,0,0,0
14,14592,6039,01571,0,0,0,0,0,0,0,0,0,0,0,0
14,14592,6040,01571,0,0,0,0,0,0,0,0,0,0,0,0
14,14592,6041,01571,5,914,5,0,0,0,0,6,1295,4,0,2
14,14592,6042,01571,0,0,0,0,0,0,0,0,0,0,0,0
14,14592,6043,01571,0,0,0,0,0,0,0,0,0,0,0,0
14,14592,6044,01571,70,12650,69,0,0,1,0,119,21564,2,0,117
14,14592,6045,01571,260,49325,255,2,0,3,0,531,62112,389,0,142
14,14592,6046,01571,19,3284,19,0,0,0,0,26,2154,20,0,6
14,14592,6074,01345,1022,89670,1006,0,0,16,0,742,81432,596,6,140
14,14592,6075,01345,60,11385,58,0,0,2,0,50,13240,22,1,27
14,14592,6076,01345,1,1178,0,0,0,1,0,2,570,0,0,2
14,14592,6077,01345,0,0,0,0,0,0,0,0,0,0,0,0
14,14592,6078,01345,2,2404,0,0,0,2,0,3,2322,2,0,1
14,14592,6079,01345,23,28338,15,0,0,8,0,55,22309,38,2,15
14,14592,6080,01345,97,20578,94,0,0,3,0,247,40502,167,0,80
14,14592,6081,01345,160,45404,150,0,0,10,0,421,76738,265,6,150
14,14592,6082,01337,139,29979,139,0,0,0,0,202,28315,52,7,143
14,14592,6083,01337,4,536,4,0,0,0,0,9,2180,0,0,9
14,14592,6084,01337,13,3815,13,0,0,0,0,21,4169,13,0,8
14,14592,6085,01337,15,2824,15,0,0,0,0,27,3008,11,4,12
14,14592,6086,01337,617,63298,533,0,0,84,0,545,62789,454,6,85
14,14592,6087,01236,583,43691,564,0,0,19,0,660,59627,567,8,85
14,14592,6088,01236,1458,158718,1385,13,0,60,0,1656,192482,1469,10,177
14,14592,6089,01236,2570,224534,2494,10,0,66,0,2642,236652,2410,36,196
14,14592,6090,01236,195,22392,182,1,0,12,0,336,64456,295,3,38
14,14592,6091,01236,806,70467,784,0,0,22,0,1325,268191,1180,5,140
14,14592,6092,01236,2353,212242,2303,12,0,38,0,2434,290154,2290,15,129
14,14592,6093,01236,2000,237150,1945,15,0,40,0,1843,218723,1706,58,79
14,14593,6002,01406,0,0,0,0,0,0,0,0,0,0,0,0
14,14593,6003,01406,34,4674,34,0,0,0,0,26,4105,26,0,0
14,14593,6004,01406,191,22308,183,0,0,8,0,247,23906,228,0,19
14,14593,6005,01406,2,257,2,0,0,0,0,3,228,0,0,3
14,14593,6006,01406,5,4181,2,0,0,3,0,0,0,0,0,0
14,14593,6007,01406,0,0,0,0,0,0,0,0,0,0,0,0
14,14593,6008,01406,0,0,0,0,0,0,0,0,0,0,0,0
14,14593,6009,01408,0,0,0,0,0,0,0,0,0,0,0,0
14,14593,6010,01408,0,0,0,0,0,0,0,0,0,0,0,0
14,14593,6011,01407,0,0,0,0,0,0,0,0,0,0,0,0
14,14593,6012,01407,0,0,0,0,0,0,0,0,0,0,0,0
14,14593,6013,01407,0,0,0,0,0,0,0,0,0,0,0,0
14,14593,6014,01407,0,0,0,0,0,0,0,0,0,0,0,0
14,14593,6015,01407,0,0,0,0,0,0,0,0,0,0,0,0
14,14593,6016,01401,0,0,0,0,0,0,0,0,0,0,0,0
14,14593,6017,01401,0,0,0,0,0,0,0,0,0,0,0,0
14,14593,6018,01401,0,0,0,0,0,0,0,0,0,0,0,0
14,14593,6019,01401,9,1283,9,0,0,0,0,14,1680,14,0,0
14,14593,6020,01401,15,3961,15,0,0,0,0,18,11897,18,0,0
14,14593,6021,01401,289,47111,287,0,0,2,0,519,52159,510,9,0
14,14593,6022,01401,24,2823,24,0,0,0,0,24,3215,24,0,0
14,14593,6023,01401,2,301,2,0,0,0,0,0,0,0,0,0
14,14593,6024,01401,0,0,0,0,0,0,0,0,0,0,0,0
14,14593,6025,01401,0,0,0,0,0,0,0,0,0,0,0,0
14,14593,6026,01400,0,0,0,0,0,0,0,2,172,0,1,1
14,14593,6027,01400,0,0,0,0,0,0,0,0,0,0,0,0
14,14593,6028,01395,20,5485,20,0,0,0,0,21,5093,20,1,0
14,14593,6029,01395,17,5211,17,0,0,0,0,20,4891,14,0,6
14,14593,6030,01395,137,19511,137,0,0,0,0,232,28740,181,3,48
14,14593,6031,01395,70,10046,70,0,0,0,0,172,20040,138,2,32
14,14593,6032,01395,29,4007,29,0,0,0,0,58,9997,48,3,7
14,14593,6033,01395,51,10222,51,0,0,0,0,122,22065,85,0,37
14,14593,6034,01395,50,7192,50,0,0,0,0,125,22235,80,0,45
14,14593,6035,01395,6,841,6,0,0,0,0,6,460,6,0,0
14,14593,6036,01395,0,0,0,0,0,0,0,0,0,0,0,0
14,14593,6037,01395,0,0,0,0,0,0,0,0,0,0,0,0
14,14593,6038,01571,0,0,0,0,0,0,0,0,0,0,0,0
14,14593,6039,01571,0,0,0,0,0,0,0,0,0,0,0,0
14,14593,6040,01571,3,402,3,0,0,0,0,3,196,0,0,3
14,14593,6041,01571,20,5029,19,0,0,1,0,34,13826,27,0,7
14,14593,6042,01571,21,4128,21,0,0,0,0,24,4592,8,0,16
14,14593,6043,01571,19,3474,19,0,0,0,0,33,6023,31,0,2
14,14593,6044,01571,41,9046,41,0,0,0,0,69,8874,44,0,25
14,14593,6045,01571,27,4525,27,0,0,0,0,64,5431,29,0,35
14,14593,6046,01571,0,0,0,0,0,0,0,0,0,0,0,0
14,14593,6074,01345,1731,189611,1684,16,0,31,0,1385,186192,1108,7,270
14,14593,6075,01345,60,42305,47,0,0,13,0,110,46917,54,5,51
14,14593,6076,01345,0,0,0,0,0,0,0,1,481,0,0,1
14,14593,6077,01345,0,0,0,0,0,0,0,0,0,0,0,0
14,14593,6078,01345,0,0,0,0,0,0,0,1,1997,0,1,0
14,14593,6079,01345,0,0,0,0,0,0,0,3,185,2,1,0
14,14593,6080,01345,60,6463,60,0,0,0,0,86,8671,80,0,6
14,14593,6081,01345,32,6127,32,0,0,0,0,71,8832,40,1,30
14,14593,6082,01337,61,14759,61,0,0,0,0,30,11549,2,1,27
14,14593,6083,01337,45,5577,45,0,0,0,0,55,5028,48,0,7
14,14593,6084,01337,6,850,6,0,0,0,0,12,1368,7,0,5
14,14593,6085,01337,22,1818,22,0,0,0,0,3,261,0,3,0
14,14593,6086,01337,891,132589,676,2,0,213,0,844,139850,653,12,179
14,14593,6087,01236,223,60011,113,2,0,107,1,327,83160,290,9,28
14,14593,6088,01236,604,89393,545,1,0,58,0,1651,318737,1498,4,149
14,14593,6089,01236,1012,101300,913,7,0,92,0,1272,163293,1153,13,106
14,14593,6090,01236,490,106979,448,2,0,40,0,893,203699,816,7,70
14,14593,6091,01236,454,40466,439,0,0,15,0,891,127364,790,0,101
14,14593,6092,01236,3220,286531,3142,22,0,56,0,3052,309164,2738,53,261
14,14593,6093,01236,68,6167,64,2,0,2,0,65,6637,63,0,2
14,14594,6004,01406,31,4301,31,0,0,0,0,60,4374,60,0,0
14,14594,6005,01406,0,0,0,0,0,0,0,0,0,0,0,0
14,14594,6006,01408,0,0,0,0,0,0,0,0,0,0,0,0
14,14594,6007,01406,0,0,0,0,0,0,0,0,0,0,0,0
14,14594,6008,01406,0,0,0,0,0,0,0,0,0,0,0,0
14,14594,6009,01408,0,0,0,0,0,0,0,0,0,0,0,0
14,14594,6010,01408,1,336,1,0,0,0,0,1,242,1,0,0
14,14594,6011,01407,3,611,3,0,0,0,0,4,343,3,0,1
14,14594,6012,01407,0,0,0,0,0,0,0,0,0,0,0,0
14,14594,6013,01407,0,0,0,0,0,0,0,0,0,0,0,0
14,14594,6014,01407,0,0,0,0,0,0,0,0,0,0,0,0
14,14594,6015,01407,0,0,0,0,0,0,0,0,0,0,0,0
14,14594,6016,01407,0,0,0,0,0,0,0,0,0,0,0,0
14,14594,6017,01401,1,93,1,0,0,0,0,1,145,1,0,0
14,14594,6018,01401,0,0,0,0,0,0,0,0,0,0,0,0
14,14594,6019,01401,0,0,0,0,0,0,0,0,0,0,0,0
14,14594,6020,01401,3,374,3,0,0,0,0,9,806,9,0,0
14,14594,6021,01401,26,4469,26,0,0,0,0,38,4943,32,6,0
14,14594,6022,01401,128,21441,128,0,0,0,0,252,27433,247,5,0
14,14594,6023,01401,2,223,2,0,0,0,0,0,0,0,0,0
14,14594,6024,01401,0,0,0,0,0,0,0,0,0,0,0,0
14,14594,6025,01400,0,0,0,0,0,0,0,1,31,1,0,0
14,14594,6026,01400,23,8119,18,0,0,5,0,32,9071,14,3,15
14,14594,6027,01400,4,1743,4,0,0,0,0,4,1681,4,0,0
14,14594,6028,01400,14,4378,14,0,0,0,0,12,5631,11,1,0
14,14594,6029,01395,37,18753,34,2,0,1,0,50,19363,26,0,24
14,14594,6030,01395,167,33618,165,0,0,2,0,251,41514,206,4,41
14,14594,6031,01395,92,14550,91,0,0,1,0,194,26532,146,2,46
14,14594,6032,01395,459,92177,451,8,0,0,0,840,108048,736,9,95
14,14594,6033,01395,79,11751,79,0,0,0,0,183,31861,130,1,52
14,14594,6034,01395,44,7413,44,0,0,0,0,92,21841,63,0,29
14,14594,6035,01395,13,1812,13,0,0,0,0,13,1749,12,0,1
14,14594,6036,01395,0,0,0,0,0,0,0,0,0,0,0,0
14,14594,6037,01395,0,0,0,0,0,0,0,0,0,0,0,0
14,14594,6038,01571,0,0,0,0,0,0,0,0,0,0,0,0
14,14594,6039,01571,0,0,0,0,0,0,0,0,0,0,0,0
14,14594,6040,01571,2,332,2,0,0,0,0,0,0,0,0,0
14,14594,6041,01571,20,3223,20,0,0,0,0,23,9014,15,0,8
14,14594,6042,01571,14,12174,11,0,0,3,0,25,9113,11,0,14
14,14594,6043,01571,22,3378,22,0,0,0,0,22,3359,18,0,4
14,14594,6044,01571,15,2218,15,0,0,0,0,20,1650,2,0,18
14,14594,6045,01571,40,8584,39,0,0,1,0,108,10641,56,0,52
14,14594,6074,01345,1288,112734,1276,1,0,11,0,941,107229,763,10,168
14,14594,6075,01345,2,477,2,0,0,0,0,10,1856,2,1,7
14,14594,6076,01345,1,134,1,0,0,0,0,1,129,0,0,1
14,14594,6077,01345,0,0,0,0,0,0,0,0,0,0,0,0
14,14594,6078,01337,0,0,0,0,0,0,0,0,0,0,0,0
14,14594,6079,01345,4,191,4,0,0,0,0,4,138,4,0,0
14,14594,6080,01345,0,0,0,0,0,0,0,2,179,0,0,2
14,14594,6081,01345,51,5340,51,0,0,0,0,77,6764,32,0,45
14,14594,6082,01337,38,9380,38,0,0,0,0,55,10285,42,0,13
14,14594,6083,01337,637,145136,623,1,0,13,0,1263,166122,1105,3,155
14,14594,6084,01337,17,4242,17,0,0,0,0,26,4817,20,0,6
14,14594,6085,01337,5,237,5,0,0,0,0,0,0,0,0,0
14,14594,6086,01337,875,140876,474,0,0,400,1,804,136552,722,5,77
14,14594,6087,01337,1904,234733,1471,1,0,430,2,1783,243866,1568,19,196
14,14594,6088,01337,2897,344791,2494,8,0,394,1,3132,407880,2789,81,262
14,14594,6089,01337,1044,137263,652,0,0,392,0,1170,156002,1060,9,101
14,14594,6090,01236,472,61159,408,1,0,63,0,1042,198063,943,7,92
14,14594,6091,01236,588,85960,549,3,0,36,0,1022,185365,846,12,164
14,14594,6092,01236,3899,380981,3782,46,0,71,0,3650,405521,3274,71,305
14,14594,6093,01236,5,1157,5,0,0,0,0,0,0,0,0,0
14,14595,6004,01408,32,4712,32,0,0,0,0,61,5024,58,0,3
14,14595,6005,01408,33,5985,33,0,0,0,0,47,5414,44,0,3
14,14595,6006,01408,1,110,1,0,0,0,0,3,257,3,0,0
14,14595,6007,01408,0,0,0,0,0,0,0,0,0,0,0,0
14,14595,6008,01408,0,0,0,0,0,0,0,0,0,0,0,0
14,14595,6009,01408,0,0,0,0,0,0,0,0,0,0,0,0
14,14595,6010,01408,5,646,5,0,0,0,0,16,1784,14,1,1
14,14595,6011,01407,0,0,0,0,0,0,0,0,0,0,0,0
14,14595,6012,01407,4,457,4,0,0,0,0,1,65,0,0,1
14,14595,6013,01407,3,267,3,0,0,0,0,2,162,1,0,1
14,14595,6014,01407,2,268,2,0,0,0,0,17,4500,10,3,4
14,14595,6015,01407,32,4005,31,0,0,1,0,94,16442,63,0,31
14,14595,6016,01407,12,1696,12,0,0,0,0,10,863,10,0,0
14,14595,6017,01407,0,0,0,0,0,0,0,2,539,2,0,0
14,14595,6018,01401,0,0,0,0,0,0,0,0,0,0,0,0
14,14595,6019,01401,0,0,0,0,0,0,0,0,0,0,0,0
14,14595,6020,01401,0,0,0,0,0,0,0,0,0,0,0,0
14,14595,6021,01401,2,208,2,0,0,0,0,0,0,0,0,0
14,14595,6022,01401,38,5856,38,0,0,0,0,75,7518,75,0,0
14,14595,6023,01401,1,106,1,0,0,0,0,0,0,0,0,0
14,14595,6024,01401,2,318,2,0,0,0,0,3,203,0,0,3
14,14595,6025,01400,8,1891,8,0,0,0,0,13,2029,0,0,13
14,14595,6026,01400,101,30539,95,4,0,2,0,100,25908,64,0,36
14,14595,6027,01400,3,2825,3,0,0,0,0,10,2872,2,0,8
14,14595,6028,01400,180,54379,158,22,0,0,0,232,66527,186,8,38
14,14595,6029,01400,587,94647,568,18,0,1,0,658,93070,570,13,75
14,14595,6030,01400,104,15999,101,0,0,3,0,171,20369,116,5,50
14,14595,6031,01395,46,7355,46,0,0,0,0,121,22443,73,3,45
14,14595,6032,01395,363,70169,355,8,0,0,0,840,110811,698,15,127
14,14595,6033,01395,49,13443,49,0,0,0,0,107,27766,56,1,50
14,14595,6034,01395,5,702,5,0,0,0,0,7,509,0,0,7
14,14595,6035,01395,6,813,6,0,0,0,0,13,1560,10,0,3
14,14595,6036,01395,0,0,0,0,0,0,0,0,0,0,0,0
14,14595,6037,01395,0,0,0,0,0,0,0,0,0,0,0,0
14,14595,6038,01571,0,0,0,0,0,0,0,0,0,0,0,0
14,14595,6039,01571,2,242,2,0,0,0,0,1,39,0,0,1
14,14595,6040,01571,12,1821,12,0,0,0,0,14,1767,7,0,7
14,14595,6041,01571,4,573,4,0,0,0,0,3,388,3,0,0
14,14595,6042,01571,22,3412,22,0,0,0,0,50,10670,35,1,14
14,14595,6043,01571,10,3582,9,0,0,1,0,34,7515,15,0,19
14,14595,6044,01571,13,6019,9,0,0,4,0,10,3672,0,0,10
14,14595,6045,01571,235,48548,220,9,0,6,0,493,59720,421,0,72
14,14595,6046,01571,248,38596,246,1,0,1,0,535,55526,504,5,26
14,14595,6073,01345,40,2426,40,0,0,0,0,15,2116,14,0,1
14,14595,6074,01345,1108,99204,1094,0,0,14,0,832,99329,672,5,155
14,14595,6075,01345,0,0,0,0,0,0,0,1,44,0,0,1
14,14595,6076,01345,0,0,0,0,0,0,0,1,28,0,0,1
14,14595,6077,01345,0,0,0,0,0,0,0,0,0,0,0,0
14,14595,6078,01343,0,0,0,0,0,0,0,0,0,0,0,0
14,14595,6079,01337,0,0,0,0,0,0,0,0,0,0,0,0
14,14595,6080,01337,49,6306,49,0,0,0,0,38,3530,4,0,34
14,14595,6081,01337,60,7014,60,0,0,0,0,69,7413,43,0,26
14,14595,6082,01337,110,24031,107,0,0,3,0,164,22710,128,2,34
14,14595,6083,01337,283,64194,270,0,0,13,0,580,114348,524,3,53
14,14595,6084,01337,65,16281,62,0,0,3,0,112,21108,97,0,15
14,14595,6085,01337,1,39,1,0,0,0,0,2,875,1,1,0
14,14595,6086,01337,5,628,5,0,0,0,0,10,1529,4,1,5
14,14595,6087,01337,64,8407,43,0,0,21,0,52,10025,37,0,15
14,14595,6088,01337,2404,293982,2186,31,0,184,3,2297,296582,2046,29,222
14,14595,6089,01337,2121,191011,1985,4,0,132,0,2192,196838,1987,28,177
14,14595,6090,01337,767,177001,522,4,0,241,0,1010,206345,846,11,153
14,14595,6091,01202,614,77226,502,1,0,111,0,788,114619,679,7,102
14,14595,6092,01236,3105,484022,2972,34,0,99,0,2891,518070,2677,33,181
14,14595,6093,01236,2318,286077,2219,39,0,60,0,2075,296887,1959,27,89
14,14595,6094,01202,0,0,0,0,0,0,0,9,691,0,0,9
14,14595,6095,01202,631,163721,603,20,0,8,0,697,174305,654,23,20
14,14595,6096,01202,1978,240657,1892,52,0,33,1,2087,252236,2023,64,0
14,14595,6097,01202,154,22131,143,5,0,6,0,127,20674,123,4,0
14,14596,6004,01408,0,0,0,0,0,0,0,0,0,0,0,0
14,14596,6005,01408,14,1541,14,0,0,0,0,13,1528,6,0,7
14,14596,6006,01408,3,1539,3,0,0,0,0,5,1545,5,0,0
14,14596,6007,01408,0,0,0,0,0,0,0,0,0,0,0,0
14,14596,6008,01408,0,0,0,0,0,0,0,0,0,0,0,0
14,14596,6009,01408,18,2158,18,0,0,0,0,30,9437,23,0,7
14,14596,6010,01408,33,4244,33,0,0,0,0,74,22753,45,0,29
14,14596,6011,01407,4,396,4,0,0,0,0,17,4284,10,1,6
14,14596,6012,01407,53,8884,53,0,0,0,0,105,12311,82,1,22
14,14596,6013,01407,37,5481,37,0,0,0,0,148,39547,72,17,59
14,14596,6014,01407,97,16739,97,0,0,0,0,329,80715,197,21,111
14,14596,6015,01407,18,6512,15,0,0,3,0,59,13990,25,7,27
14,14596,6016,01407,50,6841,50,0,0,0,0,82,8362,82,0,0
14,14596,6017,01407,177,38156,177,0,0,0,0,283,45312,283,0,0
14,14596,6018,01407,0,0,0,0,0,0,0,0,0,0,0,0
14,14596,6019,01401,0,0,0,0,0,0,0,0,0,0,0,0
14,14596,6020,01401,0,0,0,0,0,0,0,0,0,0,0,0
14,14596,6021,01401,1,102,1,0,0,0,0,0,0,0,0,0
14,14596,6022,01401,0,0,0,0,0,0,0,0,0,0,0,0
14,14596,6023,01401,0,0,0,0,0,0,0,0,0,0,0,0
14,14596,6024,01401,0,0,0,0,0,0,0,1,38,0,0,1
14,14596,6025,01400,14,3550,13,0,0,1,0,12,1000,0,0,12
14,14596,6026,01400,29,4812,29,0,0,0,0,44,5950,26,0,18
14,14596,6027,01400,27,4696,27,0,0,0,0,60,7418,50,0,10
14,14596,6028,01400,252,44765,248,2,0,2,0,292,45589,257,5,30
14,14596,6029,01400,106,12905,106,0,0,0,0,159,15514,127,0,32
14,14596,6030,01395,65,8153,65,0,0,0,0,73,9052,60,0,13
14,14596,6031,01395,30,5307,30,0,0,0,0,62,5656,40,0,22
14,14596,6032,01395,77,12144,77,0,0,0,0,230,28821,161,3,66
14,14596,6033,01395,61,13590,58,0,0,3,0,149,17771,119,0,30
14,14596,6034,01395,0,0,0,0,0,0,0,0,0,0,0,0
14,14596,6035,01396,0,0,0,0,0,0,0,0,0,0,0,0
14,14596,6036,01395,0,0,0,0,0,0,0,0,0,0,0,0
14,14596,6037,01395,0,0,0,0,0,0,0,0,0,0,0,0
14,14596,6038,01571,6,2491,4,0,0,2,0,8,2150,6,0,2
14,14596,6039,01571,66,21042,55,0,0,11,0,133,21579,95,0,38
14,14596,6040,01571,14,2290,14,0,0,0,0,39,4141,26,0,13
14,14596,6041,01571,32,7867,32,0,0,0,0,62,9890,45,1,16
14,14596,6042,01571,54,11450,52,0,0,2,0,83,14903,13,0,70
14,14596,6043,01571,38,33709,26,0,0,12,0,124,37301,103,0,21
14,14596,6044,01571,56,9748,52,0,0,4,0,134,24686,40,0,94
14,14596,6045,01571,187,36322,187,0,0,0,0,384,47325,310,2,72
14,14596,6046,01571,339,67287,337,1,0,1,0,791,90413,724,2,65
14,14596,6047,01584,1,171,1,0,0,0,0,2,395,2,0,0
14,14596,6073,01345,6,1183,6,0,0,0,0,2,1668,1,0,1
14,14596,6074,01345,174,34825,171,0,0,3,0,125,37134,84,7,34
14,14596,6075,01345,34,22758,20,0,0,14,0,50,18713,40,4,6
14,14596,6076,01345,0,0,0,0,0,0,0,1,666,1,0,0
14,14596,6077,01343,0,0,0,0,0,0,0,2,1063,0,2,0
14,14596,6078,01343,0,0,0,0,0,0,0,11,2760,0,11,0
14,14596,6079,01343,0,0,0,0,0,0,0,0,0,0,0,0
14,14596,6080,01337,8,2197,8,0,0,0,0,26,4483,7,0,19
14,14596,6081,01337,158,26613,158,0,0,0,0,291,28349,247,3,41
14,14596,6082,01337,184,73540,167,0,0,17,0,292,76149,250,6,36
14,14596,6083,01337,69,20332,65,0,0,4,0,105,30283,85,0,20
14,14596,6084,01337,2,263,2,0,0,0,0,2,138,2,0,0
14,14596,6085,01337,0,0,0,0,0,0,0,0,0,0,0,0
14,14596,6086,01337,2,197,2,0,0,0,0,0,0,0,0,0
14,14596,6087,01337,24,1098,22,0,0,2,0,9,930,0,0,9
14,14596,6088,01337,94,6939,91,0,0,3,0,58,6178,35,0,23
14,14596,6089,01337,914,96642,810,3,0,101,0,947,101130,865,5,77
14,14596,6090,01337,4769,423892,4580,20,0,165,4,4729,433186,4445,29,255
14,14596,6091,01202,5605,516208,5425,31,0,149,0,5592,517761,5087,117,388
14,14596,6092,01202,2904,516799,2667,48,0,187,2,2667,496268,2388,65,214
14,14596,6093,01202,6035,724991,5755,115,0,165,0,5327,721116,4965,79,283
14,14596,6094,01202,3018,544255,2748,148,0,122,0,3012,558054,2815,61,136
14,14596,6095,01202,2417,374057,2168,181,0,67,1,2476,395441,2288,104,84
14,14596,6096,01202,4428,586784,3970,346,0,112,0,4321,611738,4145,176,0
14,14596,6097,01202,1042,97735,1025,7,0,10,0,1028,99454,999,29,0
14,14597,6005,01408,18,1791,18,0,0,0,0,21,1578,18,0,3
14,14597,6006,01408,11,2219,11,0,0,0,0,13,2747,10,0,3
14,14597,6007,01408,209,39605,198,0,0,11,0,393,104927,264,2,127
14,14597,6008,01408,86,11545,85,0,0,1,0,263,69610,172,0,91
14,14597,6009,01408,136,22272,136,0,0,0,0,336,70593,218,2,116
14,14597,6010,01407,49,7289,49,0,0,0,0,159,83745,92,2,65
14,14597,6011,01407,124,15501,124,0,0,0,0,495,205447,248,6,241
14,14597,6012,01407,81,11649,81,0,0,0,0,164,35433,125,0,39
14,14597,6013,01407,1,152,1,0,0,0,0,0,0,0,0,0
14,14597,6014,01407,0,0,0,0,0,0,0,0,0,0,0,0
14,14597,6015,01407,0,0,0,0,0,0,0,0,0,0,0,0
14,14597,6016,01407,9,1664,9,0,0,0,0,6,836,6,0,0
14,14597,6017,01407,61,16673,54,0,0,7,0,63,7222,63,0,0
14,14597,6018,01407,32,4127,32,0,0,0,0,51,5870,51,0,0
14,14597,6019,01407,0,0,0,0,0,0,0,0,0,0,0,0
14,14597,6020,01401,0,0,0,0,0,0,0,0,0,0,0,0
14,14597,6021,01401,1,182,1,0,0,0,0,0,0,0,0,0
14,14597,6022,01400,0,0,0,0,0,0,0,0,0,0,0,0
14,14597,6023,01400,4,623,4,0,0,0,0,11,1075,11,0,0
14,14597,6024,01400,22,5087,22,0,0,0,0,80,12063,54,1,25
14,14597,6025,01400,754,75340,738,9,0,7,0,889,90698,749,2,138
14,14597,6026,01400,2901,355987,2811,84,0,6,0,3048,377274,2758,31,259
14,14597,6027,01400,412,87961,409,3,0,0,0,621,110669,509,3,109
14,14597,6028,01400,140,32220,137,0,0,3,0,261,38300,221,1,39
14,14597,6029,01400,77,21352,76,0,0,1,0,160,30512,119,0,41
14,14597,6030,01395,0,0,0,0,0,0,0,2,66,0,0,2
14,14597,6031,01395,14,2163,14,0,0,0,0,27,2614,21,0,6
14,14597,6032,01395,68,9825,67,0,0,1,0,192,18467,153,1,38
14,14597,6033,01395,58,9518,56,0,0,2,0,121,12897,89,0,32
14,14597,6034,01396,16,3087,16,0,0,0,0,29,3678,17,0,12
14,14597,6035,01396,21,2862,21,0,0,0,0,34,3144,25,0,9
14,14597,6036,01396,15,2419,15,0,0,0,0,15,2066,13,0,2
14,14597,6037,01395,1,110,1,0,0,0,0,0,0,0,0,0
14,14597,6038,01571,20,2652,20,0,0,0,0,25,1919,23,0,2
14,14597,6039,01571,14,1697,14,0,0,0,0,21,2687,15,0,6
14,14597,6040,01571,8,935,8,0,0,0,0,5,328,0,0,5
14,14597,6041,01571,21,4480,21,0,0,0,0,63,11253,46,0,17
14,14597,6042,01584,20,2836,20,0,0,0,0,24,2517,19,0,5
14,14597,6043,01584,17,2829,17,0,0,0,0,28,10322,25,0,3
14,14597,6044,01571,32,6176,32,0,0,0,0,74,24062,56,3,15
14,14597,6045,01571,8,2392,8,0,0,0,0,5,2055,3,0,2
14,14597,6046,01584,11,3717,10,0,0,1,0,17,2296,16,0,1
14,14597,6047,01584,211,22277,207,3,0,1,0,226,26590,192,0,34
14,14597,6048,01584,6,254,6,0,0,0,0,5,233,5,0,0
14,14597,6074,01345,80,6699,80,0,0,0,0,67,6409,55,1,11
14,14597,6075,01345,64,12888,61,0,0,3,0,72,11450,55,0,17
14,14597,6076,01345,1,135,1,0,0,0,0,0,0,0,0,0
14,14597,6077,01343,0,0,0,0,0,0,0,1,220,0,1,0
14,14597,6078,01343,1,151,1,0,0,0,0,2,54,0,2,0
14,14597,6079,01343,0,0,0,0,0,0,0,0,0,0,0,0
14,14597,6080,01343,41,27025,26,0,0,15,0,49,28800,37,1,11
14,14597,6081,01343,17,6087,17,0,0,0,0,29,11715,26,0,3
14,14597,6082,01337,29,7792,29,0,0,0,0,43,8488,36,0,7
14,14597,6083,01337,6,1910,6,0,0,0,0,6,1435,5,1,0
14,14597,6084,01337,0,0,0,0,0,0,0,0,0,0,0,0
14,14597,6085,01337,0,0,0,0,0,0,0,0,0,0,0,0
14,14597,6086,01337,0,0,0,0,0,0,0,0,0,0,0,0
14,14597,6087,01337,0,0,0,0,0,0,0,0,0,0,0,0
14,14597,6088,01337,7,758,7,0,0,0,0,0,0,0,0,0
14,14597,6089,01337,15,3268,15,0,0,0,0,14,3336,8,0,6
14,14597,6090,01202,320,30636,264,3,0,53,0,294,33571,232,2,60
14,14597,6091,01202,1384,173054,1250,13,0,121,0,1171,164078,856,39,276
14,14597,6092,01202,6805,689235,6564,70,0,170,1,6234,689086,5664,64,506
14,14597,6093,01202,8728,974184,8281,297,0,149,1,8338,1013129,7971,154,213
14,14597,6094,01202,6854,851382,6110,524,0,214,6,6615,877307,6271,144,200
14,14597,6095,01202,8111,890668,7546,392,0,171,2,8512,955467,8136,196,180
14,14597,6096,01202,363,44004,335,22,0,6,0,408,51576,388,20,0
14,14598,6005,01408,0,0,0,0,0,0,0,0,0,0,0,0
14,14598,6006,01408,250,23976,243,3,0,4,0,274,32234,259,2,13
14,14598,6007,01408,2572,263921,2509,17,0,46,0,2759,302977,2665,10,84
14,14598,6008,01408,697,63196,672,4,0,21,0,944,144360,832,8,104
14,14598,6009,01408,314,36651,299,2,0,13,0,631,148317,519,2,110
14,14598,6010,01407,621,118948,621,0,0,0,0,1588,336828,1236,22,330
14,14598,6011,01407,130,17859,130,0,0,0,0,633,264304,256,4,373
14,14598,6012,01407,9,948,9,0,0,0,0,17,4915,7,0,10
14,14598,6013,01407,0,0,0,0,0,0,0,0,0,0,0,0
14,14598,6014,01409,2,235,2,0,0,0,0,3,119,0,0,3
14,14598,6015,01409,4,491,4,0,0,0,0,5,113,4,0,1
14,14598,6016,01407,0,0,0,0,0,0,0,0,0,0,0,0
14,14598,6017,01407,50,6156,50,0,0,0,0,2,387,2,0,0
14,14598,6018,01407,24,2695,24,0,0,0,0,29,2126,29,0,0
14,14598,6019,01401,0,0,0,0,0,0,0,0,0,0,0,0
14,14598,6020,01400,0,0,0,0,0,0,0,0,0,0,0,0
14,14598,6021,01400,0,0,0,0,0,0,0,0,0,0,0,0
14,14598,6022,01400,24,3964,24,0,0,0,0,31,4716,31,0,0
14,14598,6023,01400,49,8291,49,0,0,0,0,80,9680,80,0,0
14,14598,6024,01400,76,15103,76,0,0,0,0,146,22756,127,1,18
14,14598,6025,01400,184,22545,176,2,0,6,0,300,42572,270,0,30
14,14598,6026,01400,1932,194716,1880,35,0,17,0,2297,242998,2101,13,183
14,14598,6027,01400,78,16332,78,0,0,0,0,193,29600,153,4,36
14,14598,6028,01400,11,1733,11,0,0,0,0,20,2704,18,0,2
14,14598,6029,01400,0,0,0,0,0,0,0,2,64,2,0,0
14,14598,6030,01400,0,0,0,0,0,0,0,0,0,0,0,0
14,14598,6031,01395,0,0,0,0,0,0,0,0,0,0,0,0
